order_date,order_code,tkt_code,tkt_date,ship_plant_code,raw_ship_plant_code,invc_flag,invc_code,invc_date,invc_seq_num,tkt_status,update_date
2025-01-01,1,10242,2025-01-01,40,40,false,1482941,2025-01-01,1,,2025-02-07 14:01:01
2025-01-02,3,267785,2025-01-02,6,6,false,1482681,2025-01-02,1,,2025-02-07 14:01:01
2025-01-02,3,267786,2025-01-02,6,6,false,1482681,2025-01-02,2,,2025-02-07 14:01:01
2025-01-02,3,267795,2025-01-02,6,6,false,1482681,2025-01-02,3,,2025-02-07 14:01:01
2025-01-02,7,267787,2025-01-02,6,6,false,1482672,2025-01-02,1,,2025-02-07 14:01:01
2025-01-02,7,267788,2025-01-02,6,6,false,1482672,2025-01-02,2,,2025-02-07 14:01:01
2025-01-02,7,267794,2025-01-02,6,6,false,1482672,2025-01-02,3,,2025-02-07 14:01:01
2025-01-02,8,137300,2025-01-02,1,1,false,1482679,2025-01-02,1,,2025-02-07 14:01:02
2025-01-02,8,137301,2025-01-02,1,1,false,1482679,2025-01-02,2,,2025-02-07 14:01:02
2025-01-02,9,267770,2025-01-02,6,6,false,1482700,2025-01-02,1,,2025-02-07 14:01:02
2025-01-02,9,267773,2025-01-02,6,6,false,1482700,2025-01-02,2,,2025-02-07 14:01:02
2025-01-02,9,267775,2025-01-02,6,6,false,1482700,2025-01-02,3,,2025-02-07 14:01:02
2025-01-02,9,267776,2025-01-02,6,6,false,1482700,2025-01-02,4,,2025-02-07 14:01:02
2025-01-02,9,267777,2025-01-02,6,6,false,1482700,2025-01-02,5,,2025-02-07 14:01:02
2025-01-02,9,267780,2025-01-02,6,6,false,1482700,2025-01-02,6,,2025-02-07 14:01:02
2025-01-02,9,267782,2025-01-02,6,6,false,1482700,2025-01-02,7,,2025-02-07 14:01:02
2025-01-02,9,267784,2025-01-02,6,6,false,1482700,2025-01-02,8,,2025-02-07 14:01:03
2025-01-02,10,267789,2025-01-02,6,6,false,1482701,2025-01-02,1,,2025-02-07 14:01:03
2025-01-02,10,267790,2025-01-02,6,6,false,1482701,2025-01-02,2,,2025-02-07 14:01:03
2025-01-02,10,267791,2025-01-02,6,6,false,1482701,2025-01-02,3,,2025-02-07 14:01:03
2025-01-02,10,267792,2025-01-02,6,6,false,1482701,2025-01-02,4,,2025-02-07 14:01:03
2025-01-02,10,267793,2025-01-02,6,6,false,1482701,2025-01-02,5,,2025-02-07 14:01:04
2025-01-02,12,267767,2025-01-02,6,6,false,1482687,2025-01-02,1,,2025-02-07 14:01:04
2025-01-02,12,267768,2025-01-02,6,6,false,1482687,2025-01-02,2,,2025-02-07 14:01:04
2025-01-02,12,267769,2025-01-02,6,6,false,1482687,2025-01-02,3,,2025-02-07 14:01:04
2025-01-02,12,267771,2025-01-02,6,6,false,1482687,2025-01-02,4,,2025-02-07 14:01:04
2025-01-02,12,267778,2025-01-02,6,6,false,1482687,2025-01-02,5,,2025-02-07 14:01:04
2025-01-02,12,267779,2025-01-02,6,6,false,1482687,2025-01-02,6,,2025-02-07 14:01:04
2025-01-02,15,593209,2025-01-02,4,4,false,1482694,2025-01-02,1,,2025-02-07 14:01:04
2025-01-02,15,593210,2025-01-02,4,4,false,1482694,2025-01-02,2,,2025-02-07 14:01:05
2025-01-02,16,593190,2025-01-02,4,4,false,1482695,2025-01-02,1,,2025-02-07 14:01:05
2025-01-02,16,593200,2025-01-02,4,4,false,1482695,2025-01-02,2,,2025-02-07 14:01:05
2025-01-02,17,593182,2025-01-02,4,4,false,1482706,2025-01-02,1,,2025-02-07 14:01:05
2025-01-02,17,593191,2025-01-02,4,4,false,1482706,2025-01-02,2,,2025-02-07 14:01:05
2025-01-02,19,137298,2025-01-02,1,1,false,,,,C,2025-01-02 07:09:06
2025-01-02,19,137299,2025-01-02,1,1,false,1482703,2025-01-02,1,,2025-02-07 14:01:05
2025-01-02,19,137302,2025-01-02,1,1,false,1482703,2025-01-02,2,,2025-02-07 14:01:06
2025-01-02,20,593202,2025-01-02,4,4,false,1482675,2025-01-02,1,,2025-02-07 14:01:06
2025-01-02,21,593180,2025-01-02,4,4,false,1482676,2025-01-02,1,,2025-02-07 14:01:06
2025-01-02,21,593183,2025-01-02,4,4,false,1482676,2025-01-02,2,,2025-02-07 14:01:06
2025-01-02,23,593195,2025-01-02,4,4,false,1482688,2025-01-02,1,,2025-02-07 14:01:06
2025-01-02,24,137304,2025-01-02,1,1,false,1482705,2025-01-02,1,,2025-02-07 14:01:06
2025-01-02,24,137305,2025-01-02,1,1,false,1482705,2025-01-02,2,,2025-02-07 14:01:06
2025-01-02,24,137306,2025-01-02,1,1,false,1482705,2025-01-02,3,,2025-02-07 14:01:07
2025-01-02,24,137307,2025-01-02,1,1,false,1482705,2025-01-02,4,,2025-02-07 14:01:07
2025-01-02,24,137308,2025-01-02,1,1,false,1482705,2025-01-02,5,,2025-02-07 14:01:07
2025-01-02,25,593194,2025-01-02,4,4,false,1482692,2025-01-02,1,U,2025-02-07 14:01:07
2025-01-02,26,137311,2025-01-02,1,1,false,1482690,2025-01-02,1,,2025-02-07 14:01:07
2025-01-02,28,593186,2025-01-02,4,4,false,1482670,2025-01-02,1,,2025-02-07 14:01:07
2025-01-02,28,593189,2025-01-02,4,4,false,1482670,2025-01-02,2,,2025-02-07 14:01:08
2025-01-02,28,593198,2025-01-02,4,4,false,1482670,2025-01-02,3,,2025-02-07 14:01:08
2025-01-02,28,593201,2025-01-02,4,4,false,1482670,2025-01-02,4,,2025-02-07 14:01:08
2025-01-02,28,593203,2025-01-02,4,4,false,1482670,2025-01-02,5,,2025-02-07 14:01:08
2025-01-02,28,593206,2025-01-02,4,4,false,1482670,2025-01-02,6,,2025-02-07 14:01:08
2025-01-02,30,137309,2025-01-02,1,1,false,1482674,2025-01-02,1,,2025-02-07 14:01:09
2025-01-02,30,137310,2025-01-02,1,1,false,1482674,2025-01-02,2,,2025-02-07 14:01:09
2025-01-02,31,267781,2025-01-02,6,6,false,1482702,2025-01-02,1,,2025-02-07 14:01:09
2025-01-02,31,267783,2025-01-02,6,6,false,1482702,2025-01-02,2,,2025-02-07 14:01:09
2025-01-02,33,398043,2025-01-02,3,3,false,1482671,2025-01-02,1,,2025-02-07 14:01:09
2025-01-02,35,398042,2025-01-02,3,3,false,1482693,2025-01-02,1,,2025-02-07 14:01:09
2025-01-02,36,398044,2025-01-02,3,3,false,1482697,2025-01-02,1,,2025-02-07 14:01:09
2025-01-02,37,593207,2025-01-02,4,4,false,1482698,2025-01-02,1,,2025-02-07 14:01:10
2025-01-02,39,593181,2025-01-02,4,4,false,1482678,2025-01-02,1,,2025-02-07 14:01:10
2025-01-02,39,593184,2025-01-02,4,4,false,,,,C,2025-01-02 06:55:47
2025-01-02,39,593185,2025-01-02,4,4,false,1482678,2025-01-02,2,,2025-02-07 14:01:10
2025-01-02,39,593199,2025-01-02,4,4,false,1482678,2025-01-02,3,,2025-02-07 14:01:10
2025-01-02,40,137303,2025-01-02,1,1,false,1482699,2025-01-02,1,,2025-02-07 14:01:10
2025-01-02,42,398049,2025-01-02,3,3,false,1482682,2025-01-02,1,,2025-02-07 14:01:10
2025-01-02,42,398050,2025-01-02,3,3,false,1482682,2025-01-02,2,,2025-02-07 14:01:11
2025-01-02,43,593192,2025-01-02,4,4,false,1482691,2025-01-02,1,,2025-02-07 14:01:11
2025-01-02,43,593196,2025-01-02,4,4,false,1482691,2025-01-02,2,,2025-02-07 14:01:11
2025-01-02,44,398046,2025-01-02,3,3,false,1482677,2025-01-02,1,,2025-02-07 14:01:11
2025-01-02,46,593188,2025-01-02,4,4,false,,,,C,2025-01-02 07:29:35
2025-01-02,46,593193,2025-01-02,4,4,false,1482683,2025-01-02,1,,2025-02-07 14:01:11
2025-01-02,46,593197,2025-01-02,4,4,false,1482683,2025-01-02,2,,2025-02-07 14:01:11
2025-01-02,46,593205,2025-01-02,4,4,false,1482683,2025-01-02,3,,2025-02-07 14:01:12
2025-01-02,46,593208,2025-01-02,4,4,false,1482683,2025-01-02,4,,2025-02-07 14:01:12
2025-01-02,47,593187,2025-01-02,4,4,false,1482686,2025-01-02,1,,2025-02-07 14:01:12
2025-01-02,48,593204,2025-01-02,4,4,false,1482696,2025-01-02,1,,2025-02-07 14:01:12
2025-01-02,49,398045,2025-01-02,3,3,false,1482673,2025-01-02,1,,2025-02-07 14:01:12
2025-01-02,50,450871,2025-01-02,40,40,false,1482680,2025-01-02,1,,2025-02-07 14:01:12
2025-01-02,51,267772,2025-01-02,6,6,false,1482689,2025-01-02,1,,2025-02-07 14:01:13
2025-01-02,52,267774,2025-01-02,6,6,false,1482684,2025-01-02,1,,2025-02-07 14:01:13
2025-01-02,53,450872,2025-01-02,40,40,false,1482704,2025-01-02,1,,2025-02-07 14:01:13
2025-01-02,54,398047,2025-01-02,3,3,false,1482685,2025-01-02,1,,2025-02-07 14:01:13
2025-01-02,54,398048,2025-01-02,3,3,false,1482685,2025-01-02,2,,2025-02-07 14:01:13
2025-01-03,3,267802,2025-01-03,6,6,false,1482732,2025-01-03,1,,2025-02-07 14:01:13
2025-01-03,5,267820,2025-01-03,6,6,false,1482735,2025-01-03,1,,2025-02-07 14:01:14
2025-01-03,6,267832,2025-01-03,6,6,false,1482712,2025-01-03,1,,2025-02-07 14:01:14
2025-01-03,6,267834,2025-01-03,6,6,false,1482712,2025-01-03,2,,2025-02-07 14:01:14
2025-01-03,6,267838,2025-01-03,6,6,false,1482712,2025-01-03,3,,2025-02-07 14:01:14
2025-01-03,9,267819,2025-01-03,6,6,false,1482754,2025-01-03,1,,2025-02-07 14:01:14
2025-01-03,10,267814,2025-01-03,6,6,false,1482755,2025-01-03,1,,2025-02-07 14:01:14
2025-01-03,10,267815,2025-01-03,6,6,false,1482755,2025-01-03,2,,2025-02-07 14:01:15
2025-01-03,10,267816,2025-01-03,6,6,false,1482755,2025-01-03,3,,2025-02-07 14:01:15
2025-01-03,10,267817,2025-01-03,6,6,false,1482755,2025-01-03,4,,2025-02-07 14:01:15
2025-01-03,11,267827,2025-01-03,6,6,false,1482725,2025-01-03,1,,2025-02-07 14:01:15
2025-01-03,11,267830,2025-01-03,6,6,false,1482725,2025-01-03,2,,2025-02-07 14:01:15
2025-01-03,11,267831,2025-01-03,6,6,false,1482725,2025-01-03,3,,2025-02-07 14:01:15
2025-01-03,11,267835,2025-01-03,6,6,false,1482725,2025-01-03,4,,2025-02-07 14:01:16
2025-01-03,11,267837,2025-01-03,6,6,false,1482725,2025-01-03,5,,2025-02-07 14:01:16
2025-01-03,11,267839,2025-01-03,6,6,false,1482725,2025-01-03,6,,2025-02-07 14:01:16
2025-01-03,11,267840,2025-01-03,6,6,false,1482725,2025-01-03,7,,2025-02-07 14:01:16
2025-01-03,11,267842,2025-01-03,6,6,false,1482725,2025-01-03,8,,2025-02-07 14:01:16
2025-01-03,11,267843,2025-01-03,6,6,false,1482725,2025-01-03,9,,2025-02-07 14:01:17
2025-01-03,11,267844,2025-01-03,6,6,false,1482725,2025-01-03,10,,2025-02-07 14:01:17
2025-01-03,11,267845,2025-01-03,6,6,false,1482725,2025-01-03,11,,2025-02-07 14:01:17
2025-01-03,11,267846,2025-01-03,6,6,false,1482725,2025-01-03,12,,2025-02-07 14:01:17
2025-01-03,12,267800,2025-01-03,6,6,false,1482710,2025-01-03,1,,2025-02-07 14:01:17
2025-01-03,14,593266,2025-01-03,4,4,false,1482743,2025-01-03,1,,2025-02-07 14:01:17
2025-01-03,15,267796,2025-01-03,6,6,false,1482717,2025-01-03,1,,2025-02-07 14:01:18
2025-01-03,15,267805,2025-01-03,6,6,false,1482717,2025-01-03,2,,2025-02-07 14:01:18
2025-01-03,17,593226,2025-01-03,4,4,false,,,,C,2025-01-03 09:06:48
2025-01-03,18,593218,2025-01-03,4,4,false,1482744,2025-01-03,1,U,2025-02-07 14:01:18
2025-01-03,18,593225,2025-01-03,4,4,false,1482744,2025-01-03,2,,2025-02-07 14:01:18
2025-01-03,18,593231,2025-01-03,4,4,false,1482744,2025-01-03,3,,2025-02-07 14:01:18
2025-01-03,18,593233,2025-01-03,4,4,false,1482744,2025-01-03,4,,2025-02-07 14:01:18
2025-01-03,18,593235,2025-01-03,4,4,false,1482744,2025-01-03,5,,2025-02-07 14:01:18
2025-01-03,18,593241,2025-01-03,4,4,false,1482744,2025-01-03,6,,2025-02-07 14:01:19
2025-01-03,19,593219,2025-01-03,4,4,false,1482766,2025-01-03,1,,2025-02-07 14:01:19
2025-01-03,19,593227,2025-01-03,4,4,false,1482766,2025-01-03,2,,2025-02-07 14:01:19
2025-01-03,19,593239,2025-01-03,4,4,false,1482766,2025-01-03,3,,2025-02-07 14:01:19
2025-01-03,20,593217,2025-01-03,4,4,false,1482749,2025-01-03,1,,2025-02-07 14:01:19
2025-01-03,22,593230,2025-01-03,4,4,false,1482734,2025-01-03,1,,2025-02-07 14:01:19
2025-01-03,24,267806,2025-01-03,6,6,false,1482742,2025-01-03,1,,2025-02-07 14:01:19
2025-01-03,25,267824,2025-01-03,6,6,false,1482756,2025-01-03,1,,2025-02-07 14:01:20
2025-01-03,26,593252,2025-01-03,4,4,false,1482757,2025-01-03,1,,2025-02-07 14:01:20
2025-01-03,26,593253,2025-01-03,4,4,false,1482757,2025-01-03,2,,2025-02-07 14:01:20
2025-01-03,26,593254,2025-01-03,4,4,false,1482757,2025-01-03,3,,2025-02-07 14:01:20
2025-01-03,26,593256,2025-01-03,4,4,false,1482757,2025-01-03,4,,2025-02-07 14:01:20
2025-01-03,26,593261,2025-01-03,4,4,false,1482757,2025-01-03,5,,2025-02-07 14:01:20
2025-01-03,27,593212,2025-01-03,4,4,false,1482763,2025-01-03,1,,2025-02-07 14:01:20
2025-01-03,27,593216,2025-01-03,4,4,false,1482763,2025-01-03,2,,2025-02-07 14:01:21
2025-01-03,27,593223,2025-01-03,4,4,false,1482763,2025-01-03,3,,2025-02-07 14:01:21
2025-01-03,27,593229,2025-01-03,4,4,false,1482763,2025-01-03,4,,2025-02-07 14:01:21
2025-01-03,27,593238,2025-01-03,4,4,false,1482763,2025-01-03,5,,2025-02-07 14:01:21
2025-01-03,28,267821,2025-01-03,6,6,false,1482714,2025-01-03,1,,2025-02-07 14:01:21
2025-01-03,29,593214,2025-01-03,4,4,false,1482752,2025-01-03,1,,2025-02-07 14:01:21
2025-01-03,29,593215,2025-01-03,4,4,false,1482752,2025-01-03,2,,2025-02-07 14:01:21
2025-01-03,29,593222,2025-01-03,4,4,false,1482752,2025-01-03,3,,2025-02-07 14:01:22
2025-01-03,29,593224,2025-01-03,4,4,false,1482752,2025-01-03,4,,2025-02-07 14:01:22
2025-01-03,30,137319,2025-01-03,1,1,false,1482720,2025-01-03,1,,2025-02-07 14:01:22
2025-01-03,30,137321,2025-01-03,1,1,false,1482720,2025-01-03,2,,2025-02-07 14:01:22
2025-01-03,31,593221,2025-01-03,4,4,false,1482718,2025-01-03,1,,2025-02-07 14:01:22
2025-01-03,33,267797,2025-01-03,6,6,false,1482758,2025-01-03,1,,2025-02-07 14:01:22
2025-01-03,33,267798,2025-01-03,6,6,false,1482758,2025-01-03,2,,2025-02-07 14:01:23
2025-01-03,34,267801,2025-01-03,6,6,false,1482759,2025-01-03,1,,2025-02-07 14:01:23
2025-01-03,34,267804,2025-01-03,6,6,false,1482759,2025-01-03,2,,2025-02-07 14:01:23
2025-01-03,36,267810,2025-01-03,6,6,false,1482760,2025-01-03,1,,2025-02-07 14:01:23
2025-01-03,36,267813,2025-01-03,6,6,false,1482760,2025-01-03,2,,2025-02-07 14:01:23
2025-01-03,37,137315,2025-01-03,1,1,false,1482708,2025-01-03,1,,2025-02-07 14:01:24
2025-01-03,38,137312,2025-01-03,1,1,false,1482711,2025-01-03,1,,2025-02-07 14:01:24
2025-01-03,38,137314,2025-01-03,1,1,false,1482711,2025-01-03,2,,2025-02-07 14:01:24
2025-01-03,39,593213,2025-01-03,4,4,false,1482740,2025-01-03,1,,2025-02-07 14:01:24
2025-01-03,39,593228,2025-01-03,4,4,false,1482740,2025-01-03,2,,2025-02-07 14:01:24
2025-01-03,40,267825,2025-01-03,6,6,false,1482761,2025-01-03,1,,2025-02-07 14:01:24
2025-01-03,40,267826,2025-01-03,6,6,false,1482761,2025-01-03,2,,2025-02-07 14:01:25
2025-01-03,42,267799,2025-01-03,6,6,false,1482733,2025-01-03,1,,2025-02-07 14:01:25
2025-01-03,47,137322,2025-01-03,1,1,false,1482769,2025-01-03,1,,2025-02-07 14:01:25
2025-01-03,47,137324,2025-01-03,1,1,false,1482769,2025-01-03,2,,2025-02-07 14:01:25
2025-01-03,47,398061,2025-01-03,3,3,false,1482769,2025-01-03,3,,2025-02-07 14:01:25
2025-01-03,49,398059,2025-01-03,3,3,false,1482748,2025-01-03,1,,2025-02-07 14:01:25
2025-01-03,50,137313,2025-01-03,1,1,false,1482772,2025-01-03,1,,2025-02-07 14:01:26
2025-01-03,50,137316,2025-01-03,1,1,false,1482772,2025-01-03,2,,2025-02-07 14:01:26
2025-01-03,50,137318,2025-01-03,1,1,false,1482772,2025-01-03,3,,2025-02-07 14:01:26
2025-01-03,50,137320,2025-01-03,1,1,false,1482772,2025-01-03,4,,2025-02-07 14:01:26
2025-01-03,51,593265,2025-01-03,4,4,false,1482745,2025-01-03,1,,2025-02-07 14:01:26
2025-01-03,53,137317,2025-01-03,1,1,false,1482721,2025-01-03,1,,2025-02-07 14:01:26
2025-01-03,54,267803,2025-01-03,6,6,false,1482746,2025-01-03,1,,2025-02-07 14:01:27
2025-01-03,54,267809,2025-01-03,6,6,false,1482746,2025-01-03,2,,2025-02-07 14:01:27
2025-01-03,54,267811,2025-01-03,6,6,false,1482746,2025-01-03,3,,2025-02-07 14:01:27
2025-01-03,54,267818,2025-01-03,6,6,false,1482746,2025-01-03,4,,2025-02-07 14:01:27
2025-01-03,54,593236,2025-01-03,4,4,false,1482746,2025-01-03,5,,2025-02-07 14:01:27
2025-01-03,55,398071,2025-01-03,3,3,false,1482751,2025-01-03,1,,2025-02-07 14:01:27
2025-01-03,55,398072,2025-01-03,3,3,false,1482751,2025-01-03,2,,2025-02-07 14:01:28
2025-01-03,55,398074,2025-01-03,3,3,false,1482751,2025-01-03,3,,2025-02-07 14:01:28
2025-01-03,55,398076,2025-01-03,3,3,false,1482751,2025-01-03,4,,2025-02-07 14:01:28
2025-01-03,56,593232,2025-01-03,4,4,false,1482716,2025-01-03,1,,2025-02-07 14:01:28
2025-01-03,56,593234,2025-01-03,4,4,false,1482716,2025-01-03,2,,2025-02-07 14:01:28
2025-01-03,57,398063,2025-01-03,3,3,false,1482713,2025-01-03,1,,2025-02-07 14:01:28
2025-01-03,58,593242,2025-01-03,4,4,false,1482739,2025-01-03,1,,2025-02-07 14:01:29
2025-01-03,58,593243,2025-01-03,4,4,false,1482739,2025-01-03,2,,2025-02-07 14:01:29
2025-01-03,58,593245,2025-01-03,4,4,false,1482739,2025-01-03,3,,2025-02-07 14:01:29
2025-01-03,58,593246,2025-01-03,4,4,false,1482739,2025-01-03,4,,2025-02-07 14:01:29
2025-01-03,58,593248,2025-01-03,4,4,false,1482739,2025-01-03,5,,2025-02-07 14:01:29
2025-01-03,58,593249,2025-01-03,4,4,false,1482739,2025-01-03,6,,2025-02-07 14:01:29
2025-01-03,58,593258,2025-01-03,4,4,false,1482739,2025-01-03,7,,2025-02-07 14:01:30
2025-01-03,59,593220,2025-01-03,4,4,false,1482707,2025-01-03,1,,2025-02-07 14:01:30
2025-01-03,60,593250,2025-01-03,4,4,false,1482719,2025-01-03,1,,2025-02-07 14:01:30
2025-01-03,60,593251,2025-01-03,4,4,false,1482719,2025-01-03,2,,2025-02-07 14:01:30
2025-01-03,60,593264,2025-01-03,4,4,false,1482719,2025-01-03,3,,2025-02-07 14:01:30
2025-01-03,61,398057,2025-01-03,3,3,false,1482737,2025-01-03,1,U,2025-02-07 14:01:30
2025-01-03,61,398060,2025-01-03,3,3,false,1482737,2025-01-03,2,,2025-02-07 14:01:30
2025-01-03,61,398067,2025-01-03,3,3,false,1482737,2025-01-03,3,,2025-02-07 14:01:31
2025-01-03,62,593237,2025-01-03,4,4,false,1482741,2025-01-03,1,,2025-02-07 14:01:31
2025-01-03,63,593255,2025-01-03,4,4,false,1482747,2025-01-03,1,,2025-02-07 14:01:31
2025-01-03,63,593257,2025-01-03,4,4,false,1482747,2025-01-03,2,,2025-02-07 14:01:31
2025-01-03,63,593259,2025-01-03,4,4,false,1482747,2025-01-03,3,,2025-02-07 14:01:31
2025-01-03,64,267833,2025-01-03,6,6,false,1482764,2025-01-03,1,,2025-02-07 14:01:31
2025-01-03,64,593244,2025-01-03,4,4,false,1482764,2025-01-03,2,,2025-02-07 14:01:32
2025-01-03,64,593247,2025-01-03,4,4,false,1482764,2025-01-03,3,U,2025-02-07 14:01:32
2025-01-03,65,593211,2025-01-03,4,4,false,1482765,2025-01-03,1,,2025-02-07 14:01:32
2025-01-03,66,398062,2025-01-03,3,3,false,1482726,2025-01-03,1,,2025-02-07 14:01:32
2025-01-03,66,398065,2025-01-03,3,3,false,1482726,2025-01-03,2,,2025-02-07 14:01:32
2025-01-03,66,398068,2025-01-03,3,3,false,1482726,2025-01-03,3,,2025-02-07 14:01:32
2025-01-03,66,398070,2025-01-03,3,3,false,1482726,2025-01-03,4,,2025-02-07 14:01:33
2025-01-03,67,593240,2025-01-03,4,4,false,1482773,2025-01-03,1,,2025-02-07 14:01:33
2025-01-03,68,267812,2025-01-03,6,6,false,1482775,2025-01-03,1,,2025-02-07 14:01:33
2025-01-03,69,267822,2025-01-03,6,6,false,1482730,2025-01-03,1,,2025-02-07 14:01:33
2025-01-03,71,398066,2025-01-03,3,3,false,1482767,2025-01-03,1,,2025-02-07 14:01:33
2025-01-03,72,137325,2025-01-03,1,1,false,1482709,2025-01-03,1,,2025-02-07 14:01:33
2025-01-03,73,137326,2025-01-03,1,1,false,,,,,2025-01-03 13:05:46
2025-01-03,73,137327,2025-01-03,1,1,false,1482722,2025-01-03,1,,2025-02-07 14:01:33
2025-01-03,73,137328,2025-01-03,1,1,false,1482722,2025-01-03,2,,2025-02-07 14:01:34
2025-01-03,73,398073,2025-01-03,3,3,false,1482722,2025-01-03,3,,2025-02-07 14:01:34
2025-01-03,75,398051,2025-01-03,3,3,false,1482727,2025-01-03,1,,2025-02-07 14:01:34
2025-01-03,75,398053,2025-01-03,3,3,false,1482727,2025-01-03,2,,2025-02-07 14:01:34
2025-01-03,75,398064,2025-01-03,3,3,false,1482727,2025-01-03,3,,2025-02-07 14:01:34
2025-01-03,76,137323,2025-01-03,1,1,false,1482715,2025-01-03,1,,2025-02-07 14:01:35
2025-01-03,77,398056,2025-01-03,3,3,false,1482731,2025-01-03,1,,2025-02-07 14:01:35
2025-01-03,78,267836,2025-01-03,6,6,false,1482738,2025-01-03,1,,2025-02-07 14:01:35
2025-01-03,79,267807,2025-01-03,42,42,false,1482724,2025-01-03,1,,2025-02-07 14:01:35
2025-01-03,80,398052,2025-01-03,3,3,false,1482728,2025-01-03,1,,2025-02-07 14:01:35
2025-01-03,81,398054,2025-01-03,43,43,false,1482723,2025-01-03,1,A,2025-02-07 14:01:35
2025-01-03,81,398058,2025-01-03,43,43,false,1482723,2025-01-03,2,A,2025-02-07 14:01:36
2025-01-03,82,398055,2025-01-03,3,3,false,1482729,2025-01-03,1,,2025-02-07 14:01:36
2025-01-03,83,267808,2025-01-03,6,6,false,1482736,2025-01-03,1,,2025-02-07 14:01:36
2025-01-03,84,593260,2025-01-03,4,4,false,1482776,2025-01-03,1,,2025-02-07 14:01:36
2025-01-03,84,593262,2025-01-03,4,4,false,,,,C,2025-01-03 15:52:56
2025-01-03,84,593263,2025-01-03,4,4,false,1482776,2025-01-03,2,,2025-02-07 14:01:36
2025-01-03,85,267823,2025-01-03,6,6,false,1482768,2025-01-03,1,,2025-02-07 14:01:36
2025-01-03,86,450874,2025-01-03,40,40,false,1482770,2025-01-03,1,,2025-02-07 14:01:36
2025-01-03,87,450873,2025-01-03,40,40,false,1482771,2025-01-03,1,,2025-02-07 14:01:37
2025-01-03,88,398069,2025-01-03,3,3,false,1482762,2025-01-03,1,,2025-02-07 14:01:37
2025-01-03,88,398075,2025-01-03,3,3,false,1482762,2025-01-03,2,,2025-02-07 14:01:37
2025-01-03,89,267828,2025-01-03,6,6,false,1482750,2025-01-03,1,,2025-02-07 14:01:37
2025-01-03,90,267829,2025-01-03,6,6,false,1482774,2025-01-03,1,,2025-02-07 14:01:37
2025-01-03,91,267841,2025-01-03,6,6,false,1482753,2025-01-03,1,,2025-02-07 14:01:38
2025-01-03,91,267847,2025-01-03,6,6,false,1482753,2025-01-03,2,,2025-02-07 14:01:38
2025-01-03,91,267848,2025-01-03,6,6,false,1482753,2025-01-03,3,,2025-02-07 14:01:38
2025-01-03,91,267849,2025-01-03,6,6,false,1482753,2025-01-03,4,,2025-02-07 14:01:38
2025-01-03,92,267829,2025-01-03,6,6,false,1484729,2025-03-01,1,,2025-03-14 09:34:24
2025-01-03,93,267829,2025-01-03,6,6,false,1484728,2025-03-01,1,,2025-03-14 09:34:24
2025-01-04,1,593267,2025-01-04,4,4,false,1482777,2025-01-04,1,,2025-02-07 14:01:38
2025-01-04,1,593268,2025-01-04,4,4,false,1482777,2025-01-04,2,,2025-02-07 14:01:39
2025-01-04,1,593269,2025-01-04,4,4,false,1482777,2025-01-04,3,,2025-02-07 14:01:39
2025-01-04,1,593270,2025-01-04,4,4,false,1482777,2025-01-04,4,,2025-02-07 14:01:39
2025-01-04,1,593271,2025-01-04,4,4,false,,,,C,2025-01-04 07:55:33
2025-01-04,1,593272,2025-01-04,4,4,false,1482777,2025-01-04,5,,2025-02-07 14:01:39
2025-01-08,10,398077,2025-01-08,3,3,false,1482614,2025-01-08,1,,2025-02-07 14:01:39
2025-01-08,10,398078,2025-01-08,3,3,false,1482614,2025-01-08,2,,2025-02-07 14:01:40
2025-01-08,10,398080,2025-01-08,3,3,false,1482614,2025-01-08,3,,2025-02-07 14:01:40
2025-01-08,11,398079,2025-01-08,3,3,false,1482616,2025-01-08,1,,2025-02-07 14:01:40
2025-01-08,11,398081,2025-01-08,3,3,false,1482616,2025-01-08,2,,2025-02-07 14:01:40
2025-01-08,13,267853,2025-01-08,6,6,false,1482617,2025-01-08,1,,2025-02-07 14:01:40
2025-01-08,13,267855,2025-01-08,6,6,false,1482617,2025-01-08,2,,2025-02-07 14:01:40
2025-01-08,16,267850,2025-01-08,6,6,false,1482618,2025-01-08,1,,2025-02-07 14:01:41
2025-01-08,16,267851,2025-01-08,6,6,false,1482618,2025-01-08,2,,2025-02-07 14:01:41
2025-01-08,16,267854,2025-01-08,6,6,false,1482618,2025-01-08,3,,2025-02-07 14:01:41
2025-01-08,17,137329,2025-01-08,1,1,false,1482613,2025-01-08,1,,2025-02-07 14:01:41
2025-01-08,20,267852,2025-01-08,6,6,false,1482615,2025-01-08,1,,2025-02-07 14:01:41
2025-01-08,21,267851B,2025-01-08,6,6,false,1482619,2025-01-08,1,,2025-02-07 14:01:42
2025-01-09,5,398082,2025-01-09,3,3,false,1482627,2025-01-09,1,,2025-02-07 14:01:42
2025-01-09,5,398083,2025-01-09,3,3,false,1482627,2025-01-09,2,,2025-02-07 14:01:42
2025-01-09,5,398084,2025-01-09,3,3,false,1482627,2025-01-09,3,,2025-02-07 14:01:42
2025-01-09,5,398085,2025-01-09,3,3,false,1482627,2025-01-09,4,,2025-02-07 14:01:42
2025-01-09,5,398086,2025-01-09,3,3,false,1482627,2025-01-09,5,,2025-02-07 14:01:43
2025-01-09,5,398087,2025-01-09,3,3,false,1482627,2025-01-09,6,,2025-02-07 14:01:43
2025-01-09,5,398088,2025-01-09,3,3,false,1482627,2025-01-09,7,,2025-02-07 14:01:43
2025-01-09,5,398089,2025-01-09,3,3,false,1482627,2025-01-09,8,,2025-02-07 14:01:43
2025-01-09,5,398091,2025-01-09,3,3,false,1482627,2025-01-09,9,,2025-02-07 14:01:43
2025-01-09,9,137330,2025-01-09,1,1,false,1482628,2025-01-09,1,,2025-02-07 14:01:43
2025-01-09,9,137333,2025-01-09,1,1,false,1482628,2025-01-09,2,,2025-02-07 14:01:44
2025-01-09,12,593280,2025-01-09,4,4,false,1482621,2025-01-09,1,,2025-02-07 14:01:44
2025-01-09,14,267856,2025-01-09,6,6,false,1482625,2025-01-09,1,,2025-02-07 14:01:44
2025-01-09,14,267857,2025-01-09,6,6,false,1482625,2025-01-09,2,,2025-02-07 14:01:44
2025-01-09,14,267858,2025-01-09,6,6,false,1482625,2025-01-09,3,,2025-02-07 14:01:44
2025-01-09,14,267859,2025-01-09,6,6,false,1482625,2025-01-09,4,,2025-02-07 14:01:44
2025-01-09,14,267860,2025-01-09,6,6,false,1482625,2025-01-09,5,,2025-02-07 14:01:45
2025-01-09,15,398092,2025-01-09,3,3,false,1482626,2025-01-09,1,,2025-02-07 14:01:45
2025-01-09,15,398093,2025-01-09,3,3,false,1482626,2025-01-09,2,,2025-02-07 14:01:45
2025-01-09,15,398094,2025-01-09,3,3,false,1482626,2025-01-09,3,,2025-02-07 14:01:45
2025-01-09,17,593273,2025-01-09,4,4,false,,,,C,2025-01-09 08:59:52
2025-01-09,17,593274,2025-01-09,4,4,false,,,,C,2025-01-09 09:14:28
2025-01-09,17,593275,2025-01-09,4,4,false,1482632,2025-01-09,1,,2025-02-07 14:01:45
2025-01-09,17,593276,2025-01-09,4,4,false,1482632,2025-01-09,2,,2025-02-07 14:01:45
2025-01-09,17,593277,2025-01-09,4,4,false,1482632,2025-01-09,3,,2025-02-07 14:01:45
2025-01-09,17,593278,2025-01-09,4,4,false,1482632,2025-01-09,4,,2025-02-07 14:01:46
2025-01-09,17,593279,2025-01-09,4,4,false,1482632,2025-01-09,5,,2025-02-07 14:01:46
2025-01-09,17,593281,2025-01-09,4,4,false,1482632,2025-01-09,6,,2025-02-07 14:01:46
2025-01-09,17,593282,2025-01-09,4,4,false,1482632,2025-01-09,7,,2025-02-07 14:01:46
2025-01-09,18,593283,2025-01-09,4,4,false,1482633,2025-01-09,1,,2025-02-07 14:01:46
2025-01-09,18,593284,2025-01-09,4,4,false,1482633,2025-01-09,2,,2025-02-07 14:01:47
2025-01-09,18,593285,2025-01-09,4,4,false,1482633,2025-01-09,3,,2025-02-07 14:01:47
2025-01-09,18,593286,2025-01-09,4,4,false,1482633,2025-01-09,4,,2025-02-07 14:01:47
2025-01-09,18,593287,2025-01-09,4,4,false,1482633,2025-01-09,5,,2025-02-07 14:01:47
2025-01-09,19,137335,2025-01-09,1,1,false,1482631,2025-01-09,1,,2025-02-07 14:01:47
2025-01-09,19,137336,2025-01-09,1,1,false,1482631,2025-01-09,2,,2025-02-07 14:01:47
2025-01-09,20,137331,2025-01-09,1,1,false,1482623,2025-01-09,1,,2025-02-07 14:01:48
2025-01-09,21,267861,2025-01-09,6,6,false,1482620,2025-01-09,1,,2025-02-07 14:01:48
2025-01-09,21,267863,2025-01-09,6,6,false,1482620,2025-01-09,2,,2025-02-07 14:01:48
2025-01-09,21,267864,2025-01-09,6,6,false,1482620,2025-01-09,3,,2025-02-07 14:01:48
2025-01-09,21,267865,2025-01-09,6,6,false,1482620,2025-01-09,4,,2025-02-07 14:01:48
2025-01-09,25,137332,2025-01-09,1,1,false,1482629,2025-01-09,1,,2025-02-07 14:01:48
2025-01-09,26,398090,2025-01-09,43,43,false,1482624,2025-01-09,1,A,2025-02-07 14:01:49
2025-01-09,27,137334,2025-01-09,1,1,false,1482622,2025-01-09,1,,2025-02-07 14:01:49
2025-01-09,28,267862,2025-01-09,6,6,false,1482630,2025-01-09,1,,2025-02-07 14:01:49
2025-01-09,28,267866,2025-01-09,6,6,false,1482630,2025-01-09,2,,2025-02-07 14:01:49
2025-01-10,6,593288,2025-01-10,4,4,false,1482780,2025-01-10,1,,2025-02-07 14:01:49
2025-01-10,6,593291,2025-01-10,4,4,false,1482780,2025-01-10,2,,2025-02-07 14:01:49
2025-01-10,7,593312,2025-01-10,4,4,false,1482781,2025-01-10,1,,2025-02-07 14:01:50
2025-01-10,7,593318,2025-01-10,4,4,false,1482781,2025-01-10,2,,2025-02-07 14:01:50
2025-01-10,7,593322,2025-01-10,4,4,false,1482781,2025-01-10,3,,2025-02-07 14:01:50
2025-01-10,7,593326,2025-01-10,4,4,false,1482781,2025-01-10,4,,2025-02-07 14:01:50
2025-01-10,8,398096,2025-01-10,3,3,false,1482788,2025-01-10,1,,2025-02-07 14:01:50
2025-01-10,8,398100,2025-01-10,3,3,false,1482788,2025-01-10,2,,2025-02-07 14:01:50
2025-01-10,9,267867,2025-01-10,6,6,false,1482784,2025-01-10,1,,2025-02-07 14:01:51
2025-01-10,9,267868,2025-01-10,6,6,false,1482784,2025-01-10,2,,2025-02-07 14:01:51
2025-01-10,9,267869,2025-01-10,6,6,false,1482784,2025-01-10,3,,2025-02-07 14:01:51
2025-01-10,9,267877,2025-01-10,6,6,false,1482784,2025-01-10,4,,2025-02-07 14:01:51
2025-01-10,10,267871,2025-01-10,6,6,false,1482793,2025-01-10,1,,2025-02-07 14:01:51
2025-01-10,10,267873,2025-01-10,6,6,false,1482793,2025-01-10,2,,2025-02-07 14:01:51
2025-01-10,10,267874,2025-01-10,6,6,false,1482793,2025-01-10,3,,2025-02-07 14:01:51
2025-01-10,10,267876,2025-01-10,6,6,false,1482793,2025-01-10,4,,2025-02-07 14:01:52
2025-01-10,10,267879,2025-01-10,6,6,false,1482793,2025-01-10,5,,2025-02-07 14:01:52
2025-01-10,10,267881,2025-01-10,6,6,false,1482793,2025-01-10,6,,2025-02-07 14:01:52
2025-01-10,11,267884,2025-01-10,6,6,false,1482794,2025-01-10,1,,2025-02-07 14:01:52
2025-01-10,11,267887,2025-01-10,6,6,false,1482794,2025-01-10,2,,2025-02-07 14:01:52
2025-01-10,11,267888,2025-01-10,6,6,false,1482794,2025-01-10,3,,2025-02-07 14:01:52
2025-01-10,11,267889,2025-01-10,6,6,false,1482794,2025-01-10,4,,2025-02-07 14:01:53
2025-01-10,11,267892,2025-01-10,6,6,false,1482794,2025-01-10,5,,2025-02-07 14:01:53
2025-01-10,12,267894,2025-01-10,6,6,false,1482795,2025-01-10,1,,2025-02-07 14:01:53
2025-01-10,12,267896,2025-01-10,6,6,false,1482795,2025-01-10,2,,2025-02-07 14:01:53
2025-01-10,12,267897,2025-01-10,6,6,false,1482795,2025-01-10,3,,2025-02-07 14:01:53
2025-01-10,13,267891,2025-01-10,6,6,false,1482792,2025-01-10,1,,2025-02-07 14:01:53
2025-01-10,13,267899,2025-01-10,6,6,false,1482792,2025-01-10,2,,2025-02-07 14:01:54
2025-01-10,13,267901,2025-01-10,6,6,false,1482792,2025-01-10,3,,2025-02-07 14:01:54
2025-01-10,13,593299,2025-01-10,4,4,false,1482792,2025-01-10,4,,2025-02-07 14:01:54
2025-01-10,13,593300,2025-01-10,4,4,false,1482792,2025-01-10,5,,2025-02-07 14:01:54
2025-01-10,13,593303,2025-01-10,4,4,false,1482792,2025-01-10,6,,2025-02-07 14:01:54
2025-01-10,13,593314,2025-01-10,4,4,false,1482792,2025-01-10,7,,2025-02-07 14:01:54
2025-01-10,15,137341,2025-01-10,1,1,false,1482808,2025-01-10,1,,2025-02-07 14:01:55
2025-01-10,16,593304,2025-01-10,4,4,false,1482796,2025-01-10,1,,2025-02-07 14:01:55
2025-01-10,16,593309,2025-01-10,4,4,false,1482796,2025-01-10,2,,2025-02-07 14:01:55
2025-01-10,16,593316,2025-01-10,4,4,false,1482796,2025-01-10,3,,2025-02-07 14:01:55
2025-01-10,17,267902,2025-01-10,6,6,false,1482797,2025-01-10,1,,2025-02-07 14:01:55
2025-01-10,17,267903,2025-01-10,6,6,false,1482797,2025-01-10,2,,2025-02-07 14:01:55
2025-01-10,17,267904,2025-01-10,6,6,false,1482797,2025-01-10,3,,2025-02-07 14:01:56
2025-01-10,17,267905,2025-01-10,6,6,false,1482797,2025-01-10,4,,2025-02-07 14:01:56
2025-01-10,17,267906,2025-01-10,6,6,false,1482797,2025-01-10,5,,2025-02-07 14:01:56
2025-01-10,18,267870,2025-01-10,6,6,false,,,,C,2025-01-10 09:02:49
2025-01-10,18,267872,2025-01-10,6,6,false,1482806,2025-01-10,1,,2025-02-07 14:01:56
2025-01-10,18,267875,2025-01-10,6,6,false,1482806,2025-01-10,2,,2025-02-07 14:01:56
2025-01-10,18,267878,2025-01-10,6,6,false,1482806,2025-01-10,3,,2025-02-07 14:01:56
2025-01-10,18,267880,2025-01-10,6,6,false,1482806,2025-01-10,4,,2025-02-07 14:01:57
2025-01-10,18,267882,2025-01-10,6,6,false,1482806,2025-01-10,5,,2025-02-07 14:01:57
2025-01-10,18,267885,2025-01-10,6,6,false,1482806,2025-01-10,6,,2025-02-07 14:01:57
2025-01-10,19,593292,2025-01-10,4,4,false,1482801,2025-01-10,1,,2025-02-07 14:01:57
2025-01-10,19,593295,2025-01-10,4,4,false,1482801,2025-01-10,2,,2025-02-07 14:01:57
2025-01-10,19,593297,2025-01-10,4,4,false,,,,C,2025-01-10 09:42:20
2025-01-10,19,593298,2025-01-10,4,4,false,1482801,2025-01-10,3,,2025-02-07 14:01:57
2025-01-10,19,593307,2025-01-10,4,4,false,1482801,2025-01-10,4,,2025-02-07 14:01:58
2025-01-10,20,593328,2025-01-10,4,4,false,1482785,2025-01-10,1,,2025-02-07 14:01:58
2025-01-10,21,267893,2025-01-10,6,6,false,1482807,2025-01-10,1,,2025-02-07 14:01:58
2025-01-10,21,267895,2025-01-10,6,6,false,1482807,2025-01-10,2,,2025-02-07 14:01:58
2025-01-10,22,593315,2025-01-10,4,4,false,1482802,2025-01-10,1,,2025-02-07 14:01:58
2025-01-10,22,593320,2025-01-10,4,4,false,1482802,2025-01-10,2,,2025-02-07 14:01:58
2025-01-10,22,593323,2025-01-10,4,4,false,1482802,2025-01-10,3,,2025-02-07 14:01:58
2025-01-10,23,593293,2025-01-10,4,4,false,1482804,2025-01-10,1,U,2025-02-07 14:01:59
2025-01-10,25,398095,2025-01-10,3,3,false,1482813,2025-01-10,1,,2025-02-07 14:01:59
2025-01-10,26,398104,2025-01-10,3,3,false,1482789,2025-01-10,1,,2025-02-07 14:01:59
2025-01-10,27,398115,2025-01-10,3,3,false,1482779,2025-01-10,1,,2025-02-07 14:01:59
2025-01-10,28,398107,2025-01-10,3,3,false,1482782,2025-01-10,1,,2025-02-07 14:01:59
2025-01-10,28,398109,2025-01-10,3,3,false,1482782,2025-01-10,2,,2025-02-07 14:02:00
2025-01-10,28,398112,2025-01-10,3,3,false,1482782,2025-01-10,3,,2025-02-07 14:02:00
2025-01-10,28,398116,2025-01-10,3,3,false,1482782,2025-01-10,4,,2025-02-07 14:02:00
2025-01-10,29,398110,2025-01-10,3,3,false,1482790,2025-01-10,1,,2025-02-07 14:02:00
2025-01-10,30,593321,2025-01-10,4,4,false,1482812,2025-01-10,1,,2025-02-07 14:02:00
2025-01-10,30,593325,2025-01-10,4,4,false,1482812,2025-01-10,2,,2025-02-07 14:02:00
2025-01-10,30,593327,2025-01-10,4,4,false,1482812,2025-01-10,3,,2025-02-07 14:02:00
2025-01-10,30,593329,2025-01-10,4,4,false,1482812,2025-01-10,4,,2025-02-07 14:02:01
2025-01-10,31,593296,2025-01-10,4,4,false,1482787,2025-01-10,1,,2025-02-07 14:02:01
2025-01-10,33,593289,2025-01-10,4,4,false,1482786,2025-01-10,1,,2025-02-07 14:02:01
2025-01-10,33,593290,2025-01-10,4,4,false,1482786,2025-01-10,2,,2025-02-07 14:02:01
2025-01-10,33,593294,2025-01-10,4,4,false,1482786,2025-01-10,3,,2025-02-07 14:02:01
2025-01-10,33,593308,2025-01-10,4,4,false,1482786,2025-01-10,4,,2025-02-07 14:02:01
2025-01-10,34,593302,2025-01-10,4,4,false,1482783,2025-01-10,1,,2025-02-07 14:02:02
2025-01-10,34,593305,2025-01-10,4,4,false,1482783,2025-01-10,2,,2025-02-07 14:02:02
2025-01-10,35,398105,2025-01-10,3,3,false,1482791,2025-01-10,1,,2025-02-07 14:02:02
2025-01-10,35,398106,2025-01-10,3,3,false,1482791,2025-01-10,2,,2025-02-07 14:02:02
2025-01-10,35,398108,2025-01-10,3,3,false,1482791,2025-01-10,3,,2025-02-07 14:02:02
2025-01-10,35,398111,2025-01-10,3,3,false,1482791,2025-01-10,4,,2025-02-07 14:02:02
2025-01-10,35,398113,2025-01-10,3,3,false,1482791,2025-01-10,5,,2025-02-07 14:02:03
2025-01-10,35,398114,2025-01-10,3,3,false,1482791,2025-01-10,6,,2025-02-07 14:02:03
2025-01-10,35,398117,2025-01-10,3,3,false,1482791,2025-01-10,7,,2025-02-07 14:02:03
2025-01-10,35,398120,2025-01-10,3,3,false,1482791,2025-01-10,8,,2025-02-07 14:02:03
2025-01-10,35,398121,2025-01-10,3,3,false,1482791,2025-01-10,9,,2025-02-07 14:02:03
2025-01-10,35,398122,2025-01-10,3,3,false,1482791,2025-01-10,10,,2025-02-07 14:02:03
2025-01-10,36,137337,2025-01-10,1,1,false,1482814,2025-01-10,1,,2025-02-07 14:02:04
2025-01-10,36,137338,2025-01-10,1,1,false,1482814,2025-01-10,2,,2025-02-07 14:02:04
2025-01-10,36,137339,2025-01-10,1,1,false,1482814,2025-01-10,3,,2025-02-07 14:02:04
2025-01-10,36,137340,2025-01-10,1,1,false,1482814,2025-01-10,4,,2025-02-07 14:02:04
2025-01-10,36,137342,2025-01-10,1,1,false,1482814,2025-01-10,5,,2025-02-07 14:02:04
2025-01-10,37,137347,2025-01-10,1,1,false,1482803,2025-01-10,1,,2025-02-07 14:02:04
2025-01-10,38,137343,2025-01-10,1,1,false,1482810,2025-01-10,1,,2025-02-07 14:02:05
2025-01-10,38,137344,2025-01-10,1,1,false,1482810,2025-01-10,2,,2025-02-07 14:02:05
2025-01-10,38,137345,2025-01-10,1,1,false,1482810,2025-01-10,3,,2025-02-07 14:02:05
2025-01-10,38,137346,2025-01-10,1,1,false,1482810,2025-01-10,4,,2025-02-07 14:02:05
2025-01-10,38,137349,2025-01-10,1,1,false,1482810,2025-01-10,5,,2025-02-07 14:02:05
2025-01-10,41,398097,2025-01-10,3,3,false,1482798,2025-01-10,1,,2025-02-07 14:02:05
2025-01-10,41,398098,2025-01-10,3,3,false,1482798,2025-01-10,2,,2025-02-07 14:02:05
2025-01-10,41,398099,2025-01-10,3,3,false,1482798,2025-01-10,3,,2025-02-07 14:02:06
2025-01-10,41,398101,2025-01-10,3,3,false,1482798,2025-01-10,4,,2025-02-07 14:02:06
2025-01-10,41,398102,2025-01-10,3,3,false,1482798,2025-01-10,5,,2025-02-07 14:02:06
2025-01-10,41,398103,2025-01-10,3,3,false,1482798,2025-01-10,6,,2025-02-07 14:02:06
2025-01-10,42,593306,2025-01-10,4,4,false,1482799,2025-01-10,1,,2025-02-07 14:02:06
2025-01-10,42,593310,2025-01-10,4,4,false,1482799,2025-01-10,2,,2025-02-07 14:02:07
2025-01-10,42,593313,2025-01-10,4,4,false,1482799,2025-01-10,3,,2025-02-07 14:02:07
2025-01-10,42,593317,2025-01-10,4,4,false,1482799,2025-01-10,4,,2025-02-07 14:02:07
2025-01-10,43,398118,2025-01-10,3,3,false,1482800,2025-01-10,1,,2025-02-07 14:02:07
2025-01-10,43,398119,2025-01-10,3,3,false,1482800,2025-01-10,2,,2025-02-07 14:02:07
2025-01-10,44,267883,2025-01-10,6,6,false,,,,C,2025-01-10 11:50:11
2025-01-10,44,267886,2025-01-10,6,6,false,1482809,2025-01-10,1,,2025-02-07 14:02:07
2025-01-10,44,267890,2025-01-10,6,6,false,1482809,2025-01-10,2,,2025-02-07 14:02:08
2025-01-10,45,593311,2025-01-10,4,4,false,1482778,2025-01-10,1,,2025-02-07 14:02:08
2025-01-10,45,593319,2025-01-10,4,4,false,1482778,2025-01-10,2,,2025-02-07 14:02:08
2025-01-10,45,593324,2025-01-10,4,4,false,1482778,2025-01-10,3,,2025-02-07 14:02:08
2025-01-10,46,137348,2025-01-10,1,1,false,1482815,2025-01-10,1,,2025-02-07 14:02:08
2025-01-10,47,593301,2025-01-10,44,44,false,,,,A,2025-01-10 16:29:14
2025-01-10,48,267898,2025-01-10,6,6,false,1482805,2025-01-10,1,,2025-02-07 14:02:08
2025-01-10,48,267900,2025-01-10,6,6,false,1482805,2025-01-10,2,,2025-02-07 14:02:09
2025-01-10,49,267870B,2025-01-10,6,6,false,1482811,2025-01-10,1,,2025-02-07 14:02:09
2025-01-13,1,398123,2025-01-13,3,3,false,1482656,2025-01-13,1,,2025-02-07 14:02:09
2025-01-13,1,398124,2025-01-13,3,3,false,1482656,2025-01-13,2,,2025-02-07 14:02:09
2025-01-13,1,398125,2025-01-13,3,3,false,1482656,2025-01-13,3,,2025-02-07 14:02:09
2025-01-13,1,398126,2025-01-13,3,3,false,1482656,2025-01-13,4,,2025-02-07 14:02:09
2025-01-13,1,398127,2025-01-13,3,3,false,1482656,2025-01-13,5,,2025-02-07 14:02:10
2025-01-13,1,398128,2025-01-13,3,3,false,1482656,2025-01-13,6,,2025-02-07 14:02:10
2025-01-13,1,398129,2025-01-13,3,3,false,1482656,2025-01-13,7,,2025-02-07 14:02:10
2025-01-13,1,398130,2025-01-13,3,3,false,,,,,2025-01-14 17:05:11
2025-01-13,1,398131,2025-01-13,3,3,false,1482656,2025-01-13,8,,2025-02-07 14:02:10
2025-01-13,1,398132,2025-01-13,3,3,false,,,,,2025-01-14 17:05:11
2025-01-13,1,398133,2025-01-13,3,3,false,1482656,2025-01-13,9,,2025-02-07 14:02:10
2025-01-13,1,398134,2025-01-13,3,3,false,1482656,2025-01-13,10,,2025-02-07 14:02:10
2025-01-13,1,398135,2025-01-13,3,3,false,1482656,2025-01-13,11,,2025-02-07 14:02:11
2025-01-13,1,398136,2025-01-13,3,3,false,1482656,2025-01-13,12,,2025-02-07 14:02:11
2025-01-13,1,398137,2025-01-13,3,3,false,1482656,2025-01-13,13,,2025-02-07 14:02:11
2025-01-13,1,398138,2025-01-13,3,3,false,1482656,2025-01-13,14,,2025-02-07 14:02:11
2025-01-13,1,398139,2025-01-13,3,3,false,1482656,2025-01-13,15,,2025-02-07 14:02:11
2025-01-13,1,398140,2025-01-13,3,3,false,1482656,2025-01-13,16,,2025-02-07 14:02:11
2025-01-13,1,398141,2025-01-13,3,3,false,1482656,2025-01-13,17,,2025-02-07 14:02:12
2025-01-13,1,398142,2025-01-13,3,3,false,1482656,2025-01-13,18,,2025-02-07 14:02:12
2025-01-13,1,398143,2025-01-13,3,3,false,1482656,2025-01-13,19,,2025-02-07 14:02:12
2025-01-13,1,398144,2025-01-13,3,3,false,1482656,2025-01-13,20,,2025-02-07 14:02:12
2025-01-13,1,398145,2025-01-13,3,3,false,1482656,2025-01-13,21,,2025-02-07 14:02:12
2025-01-13,1,398147,2025-01-13,3,3,false,1482656,2025-01-13,22,,2025-02-07 14:02:12
2025-01-13,1,398149,2025-01-13,3,3,false,1482656,2025-01-13,23,,2025-02-07 14:02:13
2025-01-13,1,398150,2025-01-13,3,3,false,1482656,2025-01-13,24,,2025-02-07 14:02:13
2025-01-13,1,398152,2025-01-13,3,3,false,1482656,2025-01-13,25,,2025-02-07 14:02:13
2025-01-13,1,398153,2025-01-13,3,3,false,1482656,2025-01-13,26,,2025-02-07 14:02:13
2025-01-13,1,398154,2025-01-13,3,3,false,1482656,2025-01-13,27,,2025-02-07 14:02:13
2025-01-13,1,398155,2025-01-13,3,3,false,1482656,2025-01-13,28,,2025-02-07 14:02:13
2025-01-13,1,398156,2025-01-13,3,3,false,1482656,2025-01-13,29,,2025-02-07 14:02:13
2025-01-13,1,398159,2025-01-13,3,3,false,1482656,2025-01-13,30,,2025-02-07 14:02:13
2025-01-13,1,398160,2025-01-13,3,3,false,1482656,2025-01-13,31,,2025-02-07 14:02:13
2025-01-13,1,398161,2025-01-13,3,3,false,1482656,2025-01-13,32,,2025-02-07 14:02:14
2025-01-13,1,398162,2025-01-13,3,3,false,1482656,2025-01-13,33,,2025-02-07 14:02:14
2025-01-13,2,593334,2025-01-13,4,4,false,1482817,2025-01-13,1,U,2025-02-07 14:02:14
2025-01-13,2,593344,2025-01-13,4,4,false,1482817,2025-01-13,2,,2025-02-07 14:02:14
2025-01-13,3,137350,2025-01-13,1,1,false,1482640,2025-01-13,1,,2025-02-07 14:02:14
2025-01-13,3,137353,2025-01-13,1,1,false,1482640,2025-01-13,2,,2025-02-07 14:02:14
2025-01-13,3,137354,2025-01-13,1,1,false,1482640,2025-01-13,3,,2025-02-07 14:02:14
2025-01-13,3,137355,2025-01-13,1,1,false,1482640,2025-01-13,4,,2025-02-07 14:02:14
2025-01-13,3,137356,2025-01-13,1,1,false,1482640,2025-01-13,5,,2025-02-07 14:02:14
2025-01-13,3,137362,2025-01-13,1,1,false,1482640,2025-01-13,6,,2025-02-07 14:02:14
2025-01-13,4,398146,2025-01-13,3,3,false,1482654,2025-01-13,1,,2025-02-07 14:02:14
2025-01-13,4,398157,2025-01-13,3,3,false,1482654,2025-01-13,2,,2025-02-07 14:02:15
2025-01-13,5,398167,2025-01-13,3,3,false,1482653,2025-01-13,1,,2025-02-07 14:02:15
2025-01-13,5,398170,2025-01-13,3,3,false,1482653,2025-01-13,2,,2025-02-07 14:02:15
2025-01-13,6,398148,2025-01-13,3,3,false,1482652,2025-01-13,1,,2025-02-07 14:02:15
2025-01-13,8,137352,2025-01-13,1,1,false,1482643,2025-01-13,1,,2025-02-07 14:02:15
2025-01-13,9,593336,2025-01-13,4,4,false,1482828,2025-01-13,1,,2025-02-07 14:02:15
2025-01-13,9,593342,2025-01-13,4,4,false,1482828,2025-01-13,2,,2025-02-07 14:02:15
2025-01-13,9,593349,2025-01-13,4,4,false,1482828,2025-01-13,3,,2025-02-07 14:02:15
2025-01-13,9,593353,2025-01-13,4,4,false,1482828,2025-01-13,4,,2025-02-07 14:02:15
2025-01-13,10,593364,2025-01-13,4,4,false,1482829,2025-01-13,1,,2025-02-07 14:02:15
2025-01-13,10,593370,2025-01-13,4,4,false,1482829,2025-01-13,2,,2025-02-07 14:02:15
2025-01-13,12,593332,2025-01-13,4,4,false,1482827,2025-01-13,1,,2025-02-07 14:02:16
2025-01-13,12,593338,2025-01-13,4,4,false,1482827,2025-01-13,2,,2025-02-07 14:02:16
2025-01-13,12,593346,2025-01-13,4,4,false,1482827,2025-01-13,3,,2025-02-07 14:02:16
2025-01-13,12,593350,2025-01-13,4,4,false,1482827,2025-01-13,4,U,2025-02-07 14:02:16
2025-01-13,12,593352,2025-01-13,4,4,false,1482827,2025-01-13,5,,2025-02-07 14:02:16
2025-01-13,12,593356,2025-01-13,4,4,false,1482827,2025-01-13,6,,2025-02-07 14:02:16
2025-01-13,12,593359,2025-01-13,4,4,false,1482827,2025-01-13,7,,2025-02-07 14:02:16
2025-01-13,12,593363,2025-01-13,4,4,false,1482827,2025-01-13,8,,2025-02-07 14:02:16
2025-01-13,12,593375,2025-01-13,4,4,false,1482827,2025-01-13,9,,2025-02-07 14:02:16
2025-01-13,12,593378,2025-01-13,4,4,false,1482827,2025-01-13,10,,2025-02-07 14:02:16
2025-01-13,12,593382,2025-01-13,4,4,false,1482827,2025-01-13,11,,2025-02-07 14:02:16
2025-01-13,12,593385,2025-01-13,4,4,false,1482827,2025-01-13,12,,2025-02-07 14:02:17
2025-01-13,12,593389,2025-01-13,4,4,false,1482827,2025-01-13,13,,2025-02-07 14:02:17
2025-01-13,13,593357,2025-01-13,4,4,false,1482833,2025-01-13,1,,2025-02-07 14:02:17
2025-01-13,13,593362,2025-01-13,4,4,false,1482833,2025-01-13,2,,2025-02-07 14:02:17
2025-01-13,13,593366,2025-01-13,4,4,false,1482833,2025-01-13,3,,2025-02-07 14:02:17
2025-01-13,13,593368,2025-01-13,4,4,false,1482833,2025-01-13,4,,2025-02-07 14:02:17
2025-01-13,13,593374,2025-01-13,4,4,false,1482833,2025-01-13,5,,2025-02-07 14:02:17
2025-01-13,13,593386,2025-01-13,4,4,false,1482833,2025-01-13,6,,2025-02-07 14:02:17
2025-01-13,13,593390,2025-01-13,4,4,false,1482833,2025-01-13,7,,2025-02-07 14:02:17
2025-01-13,14,593333,2025-01-13,4,4,false,1482818,2025-01-13,1,,2025-02-07 14:02:17
2025-01-13,14,593339,2025-01-13,4,4,false,1482818,2025-01-13,2,,2025-02-07 14:02:18
2025-01-13,14,593347,2025-01-13,4,4,false,1482818,2025-01-13,3,,2025-02-07 14:02:18
2025-01-13,14,593351,2025-01-13,4,4,false,1482818,2025-01-13,4,U,2025-02-07 14:02:18
2025-01-13,14,593355,2025-01-13,4,4,false,1482818,2025-01-13,5,,2025-02-07 14:02:18
2025-01-13,14,593360,2025-01-13,4,4,false,1482818,2025-01-13,6,,2025-02-07 14:02:18
2025-01-13,15,593341,2025-01-13,4,4,false,1482821,2025-01-13,1,,2025-02-07 14:02:18
2025-01-13,15,593371,2025-01-13,4,4,false,1482821,2025-01-13,2,,2025-02-07 14:02:18
2025-01-13,16,593395,2025-01-13,4,4,false,1482820,2025-01-13,1,,2025-02-07 14:02:18
2025-01-13,18,593369,2025-01-13,4,4,false,1482825,2025-01-13,1,U,2025-02-07 14:02:18
2025-01-13,18,593376,2025-01-13,4,4,false,1482825,2025-01-13,2,,2025-02-07 14:02:18
2025-01-13,18,593380,2025-01-13,4,4,false,1482825,2025-01-13,3,,2025-02-07 14:02:19
2025-01-13,18,593384,2025-01-13,4,4,false,1482825,2025-01-13,4,,2025-02-07 14:02:19
2025-01-13,18,593388,2025-01-13,4,4,false,1482825,2025-01-13,5,,2025-02-07 14:02:19
2025-01-13,18,593391,2025-01-13,4,4,false,1482825,2025-01-13,6,,2025-02-07 14:02:19
2025-01-13,18,593393,2025-01-13,4,4,false,1482825,2025-01-13,7,,2025-02-07 14:02:19
2025-01-13,18,593394,2025-01-13,4,4,false,1482825,2025-01-13,8,,2025-02-07 14:02:19
2025-01-13,18,593402,2025-01-13,4,4,false,1482825,2025-01-13,9,,2025-02-07 14:02:19
2025-01-13,18,593403,2025-01-13,4,4,false,1482825,2025-01-13,10,,2025-02-07 14:02:19
2025-01-13,18,593404,2025-01-13,4,4,false,1482825,2025-01-13,11,,2025-02-07 14:02:19
2025-01-13,18,593405,2025-01-13,4,4,false,1482825,2025-01-13,12,,2025-02-07 14:02:19
2025-01-13,21,593396,2025-01-13,4,4,false,1482834,2025-01-13,1,,2025-02-07 14:02:19
2025-01-13,21,593401,2025-01-13,4,4,false,1482834,2025-01-13,2,,2025-02-07 14:02:20
2025-01-13,23,593365,2025-01-13,4,4,false,1482822,2025-01-13,1,,2025-02-07 14:02:20
2025-01-13,23,593381,2025-01-13,4,4,false,1482822,2025-01-13,2,,2025-02-07 14:02:20
2025-01-13,24,267907,2025-01-13,6,6,false,1482658,2025-01-13,1,,2025-02-07 14:02:20
2025-01-13,24,267908,2025-01-13,6,6,false,1482658,2025-01-13,2,,2025-02-07 14:02:20
2025-01-13,24,267910,2025-01-13,6,6,false,1482658,2025-01-13,3,,2025-02-07 14:02:20
2025-01-13,26,267915,2025-01-13,6,6,false,1482664,2025-01-13,1,,2025-02-07 14:02:20
2025-01-13,26,267916,2025-01-13,6,6,false,1482664,2025-01-13,2,,2025-02-07 14:02:20
2025-01-13,26,267919,2025-01-13,6,6,false,1482664,2025-01-13,3,,2025-02-07 14:02:20
2025-01-13,26,267925,2025-01-13,6,6,false,1482664,2025-01-13,4,,2025-02-07 14:02:20
2025-01-13,27,593330,2025-01-13,4,4,false,1482826,2025-01-13,1,,2025-02-07 14:02:21
2025-01-13,27,593337,2025-01-13,4,4,false,1482826,2025-01-13,2,,2025-02-07 14:02:21
2025-01-13,27,593345,2025-01-13,4,4,false,1482826,2025-01-13,3,U,2025-02-07 14:02:21
2025-01-13,29,267913,2025-01-13,6,6,false,1482662,2025-01-13,1,,2025-02-07 14:02:21
2025-01-13,29,267914,2025-01-13,6,6,false,1482662,2025-01-13,2,,2025-02-07 14:02:21
2025-01-13,29,267918,2025-01-13,6,6,false,1482662,2025-01-13,3,,2025-02-07 14:02:21
2025-01-13,29,267920,2025-01-13,6,6,false,1482662,2025-01-13,4,,2025-02-07 14:02:21
2025-01-13,29,267924,2025-01-13,6,6,false,1482662,2025-01-13,5,,2025-02-07 14:02:21
2025-01-13,29,267929,2025-01-13,6,6,false,1482662,2025-01-13,6,,2025-02-07 14:02:21
2025-01-13,29,267932,2025-01-13,6,6,false,1482662,2025-01-13,7,,2025-02-07 14:02:21
2025-01-13,29,267934,2025-01-13,6,6,false,1482662,2025-01-13,8,,2025-02-07 14:02:21
2025-01-13,29,267937,2025-01-13,6,6,false,1482662,2025-01-13,9,,2025-02-07 14:02:22
2025-01-13,30,267926,2025-01-13,6,6,false,1482665,2025-01-13,1,,2025-02-07 14:02:22
2025-01-13,30,267928,2025-01-13,6,6,false,1482665,2025-01-13,2,U,2025-02-07 14:02:22
2025-01-13,30,267930,2025-01-13,6,6,false,1482665,2025-01-13,3,,2025-02-07 14:02:22
2025-01-13,30,267935,2025-01-13,6,6,false,1482665,2025-01-13,4,,2025-02-07 14:02:22
2025-01-13,30,267936,2025-01-13,6,6,false,1482665,2025-01-13,5,,2025-02-07 14:02:22
2025-01-13,30,267938,2025-01-13,6,6,false,1482665,2025-01-13,6,,2025-02-07 14:02:22
2025-01-13,30,267940,2025-01-13,6,6,false,1482665,2025-01-13,7,,2025-02-07 14:02:22
2025-01-13,30,267941,2025-01-13,6,6,false,1482665,2025-01-13,8,,2025-02-07 14:02:22
2025-01-13,30,593383,2025-01-13,4,4,false,1482665,2025-01-13,9,,2025-02-07 14:02:23
2025-01-13,30,593387,2025-01-13,4,4,false,1482665,2025-01-13,10,,2025-02-07 14:02:23
2025-01-13,31,137351,2025-01-13,1,1,false,1482644,2025-01-13,1,,2025-02-07 14:02:23
2025-01-13,33,593373,2025-01-13,4,4,false,1482824,2025-01-13,1,,2025-02-07 14:02:23
2025-01-13,34,137357,2025-01-13,1,1,false,1482645,2025-01-13,1,,2025-02-07 14:02:23
2025-01-13,34,137359,2025-01-13,1,1,false,1482645,2025-01-13,2,,2025-02-07 14:02:23
2025-01-13,34,398168,2025-01-13,3,3,false,1482645,2025-01-13,3,,2025-02-07 14:02:23
2025-01-13,35,137358,2025-01-13,1,1,false,1482646,2025-01-13,1,,2025-02-07 14:02:23
2025-01-13,35,137360,2025-01-13,1,1,false,1482646,2025-01-13,2,,2025-02-07 14:02:23
2025-01-13,35,137363,2025-01-13,1,1,false,1482646,2025-01-13,3,,2025-02-07 14:02:23
2025-01-13,36,267909,2025-01-13,6,6,false,1482660,2025-01-13,1,,2025-02-07 14:02:24
2025-01-13,36,267911,2025-01-13,6,6,false,1482660,2025-01-13,2,,2025-02-07 14:02:24
2025-01-13,36,267912,2025-01-13,6,6,false,1482660,2025-01-13,3,,2025-02-07 14:02:24
2025-01-13,36,267922,2025-01-13,6,6,false,1482660,2025-01-13,4,,2025-02-07 14:02:24
2025-01-13,37,398164,2025-01-13,3,3,false,1482648,2025-01-13,1,,2025-02-07 14:02:24
2025-01-13,38,593331,2025-01-13,4,4,false,1482816,2025-01-13,1,,2025-02-07 14:02:24
2025-01-13,38,593335,2025-01-13,4,4,false,1482816,2025-01-13,2,,2025-02-07 14:02:24
2025-01-13,38,593340,2025-01-13,4,4,false,1482816,2025-01-13,3,,2025-02-07 14:02:24
2025-01-13,38,593343,2025-01-13,4,4,false,1482816,2025-01-13,4,,2025-02-07 14:02:24
2025-01-13,38,593348,2025-01-13,4,4,false,1482816,2025-01-13,5,,2025-02-07 14:02:24
2025-01-13,38,593354,2025-01-13,4,4,false,1482816,2025-01-13,6,,2025-02-07 14:02:25
2025-01-13,38,593358,2025-01-13,4,4,false,1482816,2025-01-13,7,,2025-02-07 14:02:25
2025-01-13,38,593361,2025-01-13,4,4,false,1482816,2025-01-13,8,,2025-02-07 14:02:25
2025-01-13,38,593367,2025-01-13,4,4,false,1482816,2025-01-13,9,,2025-02-07 14:02:25
2025-01-13,40,267917,2025-01-13,6,6,false,1482667,2025-01-13,1,,2025-02-07 14:02:25
2025-01-13,41,593397,2025-01-13,4,4,false,1482830,2025-01-13,1,,2025-02-07 14:02:25
2025-01-13,41,593398,2025-01-13,4,4,false,1482830,2025-01-13,2,,2025-02-07 14:02:25
2025-01-13,41,593399,2025-01-13,4,4,false,1482830,2025-01-13,3,,2025-02-07 14:02:25
2025-01-13,41,593400,2025-01-13,4,4,false,1482830,2025-01-13,4,,2025-02-07 14:02:25
2025-01-13,41,593406,2025-01-13,4,4,false,1482830,2025-01-13,5,,2025-02-07 14:02:25
2025-01-13,42,593377,2025-01-13,4,4,false,1482831,2025-01-13,1,,2025-02-07 14:02:25
2025-01-13,43,398151,2025-01-13,3,3,false,1482655,2025-01-13,1,,2025-02-07 14:02:26
2025-01-13,43,398158,2025-01-13,3,3,false,1482655,2025-01-13,2,,2025-02-07 14:02:26
2025-01-13,44,267923,2025-01-13,6,6,false,1482661,2025-01-13,1,,2025-02-07 14:02:26
2025-01-13,45,593379,2025-01-13,4,4,false,1482819,2025-01-13,1,,2025-02-07 14:02:26
2025-01-13,46,267927,2025-01-13,6,6,false,1482666,2025-01-13,1,,2025-02-07 14:02:26
2025-01-13,46,267939,2025-01-13,6,6,false,1482666,2025-01-13,2,,2025-02-07 14:02:26
2025-01-13,47,137361,2025-01-13,1,1,false,1482641,2025-01-13,1,,2025-02-07 14:02:26
2025-01-13,48,267921,2025-01-13,6,6,false,1482663,2025-01-13,1,,2025-02-07 14:02:26
2025-01-13,48,267933,2025-01-13,6,6,false,1482663,2025-01-13,2,,2025-02-07 14:02:26
2025-01-13,49,398165,2025-01-13,3,3,false,1482649,2025-01-13,1,,2025-02-07 14:02:26
2025-01-13,50,137364,2025-01-13,1,1,false,1482642,2025-01-13,1,,2025-02-07 14:02:27
2025-01-13,51,398163,2025-01-13,3,3,false,1482647,2025-01-13,1,,2025-02-07 14:02:27
2025-01-13,52,267931,2025-01-13,6,6,false,1482659,2025-01-13,1,,2025-02-07 14:02:27
2025-01-13,53,398166,2025-01-13,3,3,false,1482650,2025-01-13,1,,2025-02-07 14:02:27
2025-01-13,54,593372,2025-01-13,4,4,false,1482823,2025-01-13,1,,2025-02-07 14:02:27
2025-01-13,55,398169,2025-01-13,3,3,false,1482651,2025-01-13,1,,2025-02-07 14:02:27
2025-01-13,57,593392,2025-01-13,4,4,false,1482832,2025-01-13,1,,2025-02-07 14:02:27
2025-01-13,58,450875,2025-01-13,40,40,false,1482669,2025-01-13,1,,2025-02-07 14:02:27
2025-01-13,59,450876,2025-01-13,40,40,false,1482668,2025-01-13,1,,2025-02-07 14:02:27
2025-01-13,60,378130B,2025-01-13,3,3,false,1482657,2025-01-13,1,,2025-02-07 14:02:27
2025-01-13,60,378132B,2025-01-13,3,3,false,1482657,2025-01-13,2,,2025-02-07 14:02:28
2025-01-14,2,137367,2025-01-14,1,1,false,1482853,2025-01-14,1,,2025-02-07 14:02:28
2025-01-14,2,137368,2025-01-14,1,1,false,1482853,2025-01-14,2,,2025-02-07 14:02:28
2025-01-14,2,137369,2025-01-14,1,1,false,1482853,2025-01-14,3,,2025-02-07 14:02:28
2025-01-14,2,137370,2025-01-14,1,1,false,1482853,2025-01-14,4,,2025-02-07 14:02:28
2025-01-14,2,137371,2025-01-14,1,1,false,1482853,2025-01-14,5,,2025-02-07 14:02:28
2025-01-14,3,593408,2025-01-14,4,4,false,1482840,2025-01-14,1,,2025-02-07 14:02:28
2025-01-14,3,593411,2025-01-14,4,4,false,1482840,2025-01-14,2,,2025-02-07 14:02:28
2025-01-14,3,593414,2025-01-14,4,4,false,1482840,2025-01-14,3,,2025-02-07 14:02:28
2025-01-14,3,593416,2025-01-14,4,4,false,1482840,2025-01-14,4,,2025-02-07 14:02:28
2025-01-14,3,593418,2025-01-14,4,4,false,1482840,2025-01-14,5,,2025-02-07 14:02:29
2025-01-14,5,137366,2025-01-14,1,1,false,1482855,2025-01-14,1,,2025-02-07 14:02:29
2025-01-14,6,267942,2025-01-14,6,6,false,1482869,2025-01-14,1,,2025-02-07 14:02:29
2025-01-14,6,267943,2025-01-14,6,6,false,1482869,2025-01-14,2,,2025-02-07 14:02:29
2025-01-14,6,267945,2025-01-14,6,6,false,1482869,2025-01-14,3,,2025-02-07 14:02:29
2025-01-14,6,267948,2025-01-14,6,6,false,1482869,2025-01-14,4,,2025-02-07 14:02:29
2025-01-14,10,267955,2025-01-14,6,6,false,1482860,2025-01-14,1,,2025-02-07 14:02:29
2025-01-14,10,267956,2025-01-14,6,6,false,1482860,2025-01-14,2,,2025-02-07 14:02:29
2025-01-14,10,267958,2025-01-14,6,6,false,1482860,2025-01-14,3,,2025-02-07 14:02:29
2025-01-14,12,267953,2025-01-14,6,6,false,1482863,2025-01-14,1,,2025-02-07 14:02:29
2025-01-14,13,593409,2025-01-14,4,4,false,1482839,2025-01-14,1,,2025-02-07 14:02:30
2025-01-14,13,593410,2025-01-14,4,4,false,1482839,2025-01-14,2,,2025-02-07 14:02:30
2025-01-14,13,593412,2025-01-14,4,4,false,1482839,2025-01-14,3,,2025-02-07 14:02:30
2025-01-14,13,593417,2025-01-14,4,4,false,1482839,2025-01-14,4,,2025-02-07 14:02:30
2025-01-14,16,593407,2025-01-14,4,4,false,1482837,2025-01-14,1,,2025-02-07 14:02:30
2025-01-14,17,593413,2025-01-14,4,4,false,1482835,2025-01-14,1,,2025-02-07 14:02:30
2025-01-14,18,398171,2025-01-14,3,3,false,1482856,2025-01-14,1,,2025-02-07 14:02:30
2025-01-14,18,398172,2025-01-14,3,3,false,1482856,2025-01-14,2,,2025-02-07 14:02:30
2025-01-14,18,398173,2025-01-14,3,3,false,1482856,2025-01-14,3,,2025-02-07 14:02:30
2025-01-14,19,267947,2025-01-14,6,6,false,1482864,2025-01-14,1,,2025-02-07 14:02:30
2025-01-14,19,267949,2025-01-14,6,6,false,1482864,2025-01-14,2,,2025-02-07 14:02:30
2025-01-14,19,267950,2025-01-14,6,6,false,1482864,2025-01-14,3,,2025-02-07 14:02:31
2025-01-14,20,593421,2025-01-14,4,4,false,1482836,2025-01-14,1,,2025-02-07 14:02:31
2025-01-14,21,267951,2025-01-14,6,6,false,1482862,2025-01-14,1,,2025-02-07 14:02:31
2025-01-14,22,398174,2025-01-14,3,3,false,1482857,2025-01-14,1,,2025-02-07 14:02:31
2025-01-14,22,398176,2025-01-14,3,3,false,1482857,2025-01-14,2,,2025-02-07 14:02:31
2025-01-14,22,398177,2025-01-14,3,3,false,1482857,2025-01-14,3,,2025-02-07 14:02:31
2025-01-14,22,398179,2025-01-14,3,3,false,1482857,2025-01-14,4,,2025-02-07 14:02:31
2025-01-14,22,398180,2025-01-14,3,3,false,1482857,2025-01-14,5,,2025-02-07 14:02:31
2025-01-14,22,398181,2025-01-14,3,3,false,1482857,2025-01-14,6,,2025-02-07 14:02:31
2025-01-14,22,398182,2025-01-14,3,3,false,1482857,2025-01-14,7,,2025-02-07 14:02:31
2025-01-14,22,398183,2025-01-14,3,3,false,1482857,2025-01-14,8,,2025-02-07 14:02:31
2025-01-14,23,267944,2025-01-14,6,6,false,1482861,2025-01-14,1,,2025-02-07 14:02:31
2025-01-14,23,267946,2025-01-14,6,6,false,1482861,2025-01-14,2,,2025-02-07 14:02:32
2025-01-14,24,593420,2025-01-14,4,4,false,1482841,2025-01-14,1,,2025-02-07 14:02:32
2025-01-14,24,593422,2025-01-14,4,4,false,,,,C,2025-01-14 14:35:09
2025-01-14,24,593423,2025-01-14,4,4,false,1482841,2025-01-14,2,,2025-02-07 14:02:32
2025-01-14,25,267960,2025-01-14,6,6,false,1482865,2025-01-14,1,,2025-02-07 14:02:32
2025-01-14,25,267962,2025-01-14,6,6,false,1482865,2025-01-14,2,,2025-02-07 14:02:32
2025-01-14,25,267963,2025-01-14,6,6,false,1482865,2025-01-14,3,,2025-02-07 14:02:32
2025-01-14,25,267964,2025-01-14,6,6,false,1482865,2025-01-14,4,,2025-02-07 14:02:32
2025-01-14,28,593415,2025-01-14,4,4,false,1482838,2025-01-14,1,,2025-02-07 14:02:32
2025-01-14,29,593419,2025-01-14,4,4,false,1482842,2025-01-14,1,,2025-02-07 14:02:32
2025-01-14,31,137365,2025-01-14,1,1,false,1482854,2025-01-14,1,,2025-02-07 14:02:32
2025-01-14,32,398178,2025-01-14,3,3,false,1482859,2025-01-14,1,,2025-02-07 14:02:32
2025-01-14,33,450877,2025-01-14,40,40,false,1482871,2025-01-14,1,,2025-02-07 14:02:33
2025-01-14,34,398175,2025-01-14,3,3,false,1482858,2025-01-14,1,,2025-02-07 14:02:33
2025-01-14,36,450878,2025-01-14,40,40,false,1482870,2025-01-14,1,A,2025-02-07 14:02:33
2025-01-14,37,267952,2025-01-14,6,6,false,1482866,2025-01-14,1,,2025-02-07 14:02:33
2025-01-14,37,267957,2025-01-14,6,6,false,1482866,2025-01-14,2,,2025-02-07 14:02:33
2025-01-14,38,267954,2025-01-14,6,6,false,1482868,2025-01-14,1,,2025-02-07 14:02:33
2025-01-14,38,267961,2025-01-14,6,6,false,1482868,2025-01-14,2,,2025-02-07 14:02:33
2025-01-14,40,267959,2025-01-14,6,6,false,1482867,2025-01-14,1,,2025-02-07 14:02:33
2025-01-15,1,593428,2025-01-15,4,4,false,1482847,2025-01-15,1,,2025-02-07 14:02:34
2025-01-15,1,593431,2025-01-15,4,4,false,1482847,2025-01-15,2,,2025-02-07 14:02:34
2025-01-15,1,593434,2025-01-15,4,4,false,1482847,2025-01-15,3,,2025-02-07 14:02:34
2025-01-15,1,593437,2025-01-15,4,4,false,1482847,2025-01-15,4,,2025-02-07 14:02:34
2025-01-15,1,593439,2025-01-15,4,4,false,1482847,2025-01-15,5,,2025-02-07 14:02:34
2025-01-15,1,593442,2025-01-15,4,4,false,1482847,2025-01-15,6,,2025-02-07 14:02:34
2025-01-15,1,593445,2025-01-15,4,4,false,1482847,2025-01-15,7,,2025-02-07 14:02:34
2025-01-15,1,593446,2025-01-15,4,4,false,1482847,2025-01-15,8,,2025-02-07 14:02:35
2025-01-15,2,593453,2025-01-15,4,4,false,1482850,2025-01-15,1,,2025-02-07 14:02:35
2025-01-15,2,593454,2025-01-15,4,4,false,1482850,2025-01-15,2,,2025-02-07 14:02:35
2025-01-15,4,137383,2025-01-15,1,1,false,1482878,2025-01-15,1,,2025-02-07 14:02:35
2025-01-15,4,137384,2025-01-15,1,1,false,1482878,2025-01-15,2,,2025-02-07 14:02:35
2025-01-15,4,137385,2025-01-15,1,1,false,1482878,2025-01-15,3,,2025-02-07 14:02:35
2025-01-15,4,137386,2025-01-15,1,1,false,1482878,2025-01-15,4,,2025-02-07 14:02:35
2025-01-15,5,137376,2025-01-15,1,1,false,1482874,2025-01-15,1,,2025-02-07 14:02:35
2025-01-15,6,593424,2025-01-15,4,4,false,1482848,2025-01-15,1,,2025-02-07 14:02:36
2025-01-15,6,593430,2025-01-15,4,4,false,1482848,2025-01-15,2,,2025-02-07 14:02:36
2025-01-15,7,267968,2025-01-15,6,6,false,1482885,2025-01-15,1,,2025-02-07 14:02:36
2025-01-15,7,267970,2025-01-15,6,6,false,1482885,2025-01-15,2,,2025-02-07 14:02:36
2025-01-15,7,267971,2025-01-15,6,6,false,1482885,2025-01-15,3,,2025-02-07 14:02:36
2025-01-15,7,267972,2025-01-15,6,6,false,1482885,2025-01-15,4,,2025-02-07 14:02:36
2025-01-15,7,267973,2025-01-15,6,6,false,1482885,2025-01-15,5,,2025-02-07 14:02:36
2025-01-15,7,267976,2025-01-15,6,6,false,1482885,2025-01-15,6,,2025-02-07 14:02:36
2025-01-15,7,267979,2025-01-15,6,6,false,1482885,2025-01-15,7,,2025-02-07 14:02:37
2025-01-15,7,267982,2025-01-15,6,6,false,1482885,2025-01-15,8,,2025-02-07 14:02:37
2025-01-15,7,267984,2025-01-15,6,6,false,1482885,2025-01-15,9,,2025-02-07 14:02:37
2025-01-15,8,398188,2025-01-15,3,3,false,1482881,2025-01-15,1,,2025-02-07 14:02:37
2025-01-15,10,267965,2025-01-15,6,6,false,1482886,2025-01-15,1,,2025-02-07 14:02:37
2025-01-15,10,267966,2025-01-15,6,6,false,1482886,2025-01-15,2,,2025-02-07 14:02:37
2025-01-15,10,267967,2025-01-15,6,6,false,1482886,2025-01-15,3,,2025-02-07 14:02:37
2025-01-15,11,267977,2025-01-15,6,6,false,1482882,2025-01-15,1,,2025-02-07 14:02:38
2025-01-15,11,267978,2025-01-15,6,6,false,1482882,2025-01-15,2,,2025-02-07 14:02:38
2025-01-15,12,267974,2025-01-15,6,6,false,1482887,2025-01-15,1,,2025-02-07 14:02:38
2025-01-15,12,267985,2025-01-15,6,6,false,1482887,2025-01-15,2,,2025-02-07 14:02:38
2025-01-15,13,137379,2025-01-15,1,1,false,1482872,2025-01-15,1,,2025-02-07 14:02:38
2025-01-15,13,137381,2025-01-15,1,1,false,1482872,2025-01-15,2,,2025-02-07 14:02:38
2025-01-15,13,137382,2025-01-15,1,1,false,1482872,2025-01-15,3,,2025-02-07 14:02:38
2025-01-15,14,593448,2025-01-15,4,4,false,1482851,2025-01-15,1,,2025-02-07 14:02:39
2025-01-15,15,137380,2025-01-15,1,1,false,1482876,2025-01-15,1,,2025-02-07 14:02:39
2025-01-15,17,593456,2025-01-15,4,4,false,1482852,2025-01-15,1,,2025-02-07 14:02:39
2025-01-15,17,593457,2025-01-15,4,4,false,1482852,2025-01-15,2,,2025-02-07 14:02:39
2025-01-15,17,593458,2025-01-15,4,4,false,1482852,2025-01-15,3,,2025-02-07 14:02:39
2025-01-15,19,593451,2025-01-15,4,4,false,1482849,2025-01-15,1,,2025-02-07 14:02:39
2025-01-15,19,593459,2025-01-15,4,4,false,1482849,2025-01-15,2,,2025-02-07 14:02:39
2025-01-15,21,267969,2025-01-15,6,6,false,1482884,2025-01-15,1,,2025-02-07 14:02:40
2025-01-15,22,137372,2025-01-15,1,1,false,1482873,2025-01-15,1,,2025-02-07 14:02:40
2025-01-15,22,137375,2025-01-15,1,1,false,1482873,2025-01-15,2,,2025-02-07 14:02:40
2025-01-15,22,137377,2025-01-15,1,1,false,1482873,2025-01-15,3,,2025-02-07 14:02:40
2025-01-15,24,137373,2025-01-15,1,1,false,1482875,2025-01-15,1,,2025-02-07 14:02:40
2025-01-15,24,137374,2025-01-15,1,1,false,1482875,2025-01-15,2,,2025-02-07 14:02:40
2025-01-15,25,593433,2025-01-15,4,4,false,1482846,2025-01-15,1,,2025-02-07 14:02:40
2025-01-15,27,137378,2025-01-15,1,1,false,1482877,2025-01-15,1,,2025-02-07 14:02:40
2025-01-15,30,593425,2025-01-15,4,4,false,1482843,2025-01-15,1,,2025-02-07 14:02:41
2025-01-15,30,593426,2025-01-15,4,4,false,1482843,2025-01-15,2,,2025-02-07 14:02:41
2025-01-15,30,593427,2025-01-15,4,4,false,1482843,2025-01-15,3,,2025-02-07 14:02:41
2025-01-15,30,593429,2025-01-15,4,4,false,1482843,2025-01-15,4,,2025-02-07 14:02:41
2025-01-15,30,593432,2025-01-15,4,4,false,1482843,2025-01-15,5,,2025-02-07 14:02:41
2025-01-15,30,593436,2025-01-15,4,4,false,1482843,2025-01-15,6,,2025-02-07 14:02:41
2025-01-15,30,593438,2025-01-15,4,4,false,1482843,2025-01-15,7,,2025-02-07 14:02:41
2025-01-15,30,593440,2025-01-15,4,4,false,1482843,2025-01-15,8,,2025-02-07 14:02:41
2025-01-15,30,593441,2025-01-15,4,4,false,1482843,2025-01-15,9,,2025-02-07 14:02:41
2025-01-15,30,593443,2025-01-15,4,4,false,1482843,2025-01-15,10,,2025-02-07 14:02:42
2025-01-15,30,593444,2025-01-15,4,4,false,1482843,2025-01-15,11,,2025-02-07 14:02:42
2025-01-15,30,593447,2025-01-15,4,4,false,1482843,2025-01-15,12,,2025-02-07 14:02:42
2025-01-15,31,593435,2025-01-15,4,4,false,1482844,2025-01-15,1,,2025-02-07 14:02:42
2025-01-15,31,593450,2025-01-15,4,4,false,1482844,2025-01-15,2,,2025-02-07 14:02:42
2025-01-15,31,593455,2025-01-15,4,4,false,1482844,2025-01-15,3,,2025-02-07 14:02:42
2025-01-15,32,267980,2025-01-15,6,6,false,1482888,2025-01-15,1,,2025-02-07 14:02:42
2025-01-15,32,267981,2025-01-15,6,6,false,1482888,2025-01-15,2,,2025-02-07 14:02:42
2025-01-15,32,267983,2025-01-15,6,6,false,1482888,2025-01-15,3,,2025-02-07 14:02:42
2025-01-15,32,267986,2025-01-15,6,6,false,1482888,2025-01-15,4,,2025-02-07 14:02:43
2025-01-15,33,593449,2025-01-15,4,4,false,1482845,2025-01-15,1,U,2025-02-07 14:02:43
2025-01-15,34,267975,2025-01-15,6,6,false,1482883,2025-01-15,1,,2025-02-07 14:02:43
2025-01-15,35,398185,2025-01-15,3,3,false,1482879,2025-01-15,1,,2025-02-07 14:02:43
2025-01-15,35,398186,2025-01-15,3,3,false,1482879,2025-01-15,2,,2025-02-07 14:02:43
2025-01-15,35,398187,2025-01-15,3,3,false,1482879,2025-01-15,3,,2025-02-07 14:02:43
2025-01-15,35,398189,2025-01-15,3,3,false,1482879,2025-01-15,4,,2025-02-07 14:02:43
2025-01-15,36,593452,2025-01-15,44,44,false,1482889,2025-01-15,1,,2025-02-07 14:02:43
2025-01-15,37,398184,2025-01-15,3,3,false,1482880,2025-01-15,1,,2025-02-07 14:02:44
2025-01-15,38,011525,2025-01-15,44,44,false,1483038,2025-01-15,1,,2025-02-07 14:02:44
2025-01-15,39,10243,2025-01-15,40,40,false,1483367,2025-01-15,1,,2025-02-07 14:02:44
2025-01-16,3,593480,2025-01-16,4,4,false,1482930,2025-01-16,1,,2025-02-07 14:02:44
2025-01-16,3,593484,2025-01-16,4,4,false,1482930,2025-01-16,2,,2025-02-07 14:02:44
2025-01-16,3,593487,2025-01-16,4,4,false,1482930,2025-01-16,3,,2025-02-07 14:02:44
2025-01-16,3,593491,2025-01-16,4,4,false,1482930,2025-01-16,4,,2025-02-07 14:02:44
2025-01-16,3,593500,2025-01-16,4,4,false,1482930,2025-01-16,5,,2025-02-07 14:02:44
2025-01-16,4,268002,2025-01-16,6,6,false,,,,C,2025-01-16 11:08:21
2025-01-16,4,268006,2025-01-16,6,6,false,1482914,2025-01-16,1,,2025-02-07 14:02:45
2025-01-16,4,268007,2025-01-16,6,6,false,1482914,2025-01-16,2,,2025-02-07 14:02:45
2025-01-16,4,268010,2025-01-16,6,6,false,1482914,2025-01-16,3,,2025-02-07 14:02:45
2025-01-16,4,268012,2025-01-16,6,6,false,1482914,2025-01-16,4,,2025-02-07 14:02:45
2025-01-16,4,268015,2025-01-16,6,6,false,1482914,2025-01-16,5,,2025-02-07 14:02:45
2025-01-16,4,268019,2025-01-16,6,6,false,1482914,2025-01-16,6,,2025-02-07 14:02:45
2025-01-16,4,268023,2025-01-16,6,6,false,1482914,2025-01-16,7,,2025-02-07 14:02:46
2025-01-16,4,268024,2025-01-16,6,6,false,1482914,2025-01-16,8,,2025-02-07 14:02:46
2025-01-16,8,267990,2025-01-16,6,6,false,1482925,2025-01-16,1,,2025-02-07 14:02:46
2025-01-16,8,267991,2025-01-16,6,6,false,1482925,2025-01-16,2,,2025-02-07 14:02:46
2025-01-16,8,267994,2025-01-16,6,6,false,1482925,2025-01-16,3,,2025-02-07 14:02:46
2025-01-16,8,267999,2025-01-16,6,6,false,1482925,2025-01-16,4,,2025-02-07 14:02:46
2025-01-16,8,268001,2025-01-16,6,6,false,1482925,2025-01-16,5,,2025-02-07 14:02:47
2025-01-16,11,137387,2025-01-16,1,1,false,1482902,2025-01-16,1,,2025-02-07 14:02:47
2025-01-16,11,137389,2025-01-16,1,1,false,1482902,2025-01-16,2,,2025-02-07 14:02:47
2025-01-16,12,398190,2025-01-16,3,3,false,1482910,2025-01-16,1,,2025-02-07 14:02:47
2025-01-16,15,137388,2025-01-16,1,1,false,1482901,2025-01-16,1,,2025-02-07 14:02:47
2025-01-16,16,267997,2025-01-16,6,6,false,1482913,2025-01-16,1,,2025-02-07 14:02:47
2025-01-16,18,267993,2025-01-16,6,6,false,1482917,2025-01-16,1,,2025-02-07 14:02:47
2025-01-16,18,267995,2025-01-16,6,6,false,1482917,2025-01-16,2,,2025-02-07 14:02:47
2025-01-16,19,267992,2025-01-16,6,6,false,1482918,2025-01-16,1,,2025-02-07 14:02:48
2025-01-16,19,267996,2025-01-16,6,6,false,1482918,2025-01-16,2,,2025-02-07 14:02:48
2025-01-16,19,267998,2025-01-16,6,6,false,1482918,2025-01-16,3,,2025-02-07 14:02:48
2025-01-16,20,398194,2025-01-16,3,3,false,1482909,2025-01-16,1,,2025-02-07 14:02:48
2025-01-16,23,593462,2025-01-16,4,4,false,1482933,2025-01-16,1,,2025-02-07 14:02:48
2025-01-16,23,593468,2025-01-16,4,4,false,1482933,2025-01-16,2,,2025-02-07 14:02:48
2025-01-16,23,593473,2025-01-16,4,4,false,1482933,2025-01-16,3,,2025-02-07 14:02:49
2025-01-16,23,593481,2025-01-16,4,4,false,1482933,2025-01-16,4,,2025-02-07 14:02:49
2025-01-16,24,593463,2025-01-16,4,4,false,1482938,2025-01-16,1,,2025-02-07 14:02:49
2025-01-16,24,593470,2025-01-16,4,4,false,1482938,2025-01-16,2,,2025-02-07 14:02:49
2025-01-16,27,593460,2025-01-16,4,4,false,1482937,2025-01-16,1,,2025-02-07 14:02:49
2025-01-16,27,593478,2025-01-16,4,4,false,1482937,2025-01-16,2,,2025-02-07 14:02:49
2025-01-16,27,593494,2025-01-16,4,4,false,1482937,2025-01-16,3,,2025-02-07 14:02:49
2025-01-16,28,137390,2025-01-16,1,1,false,1482900,2025-01-16,1,,2025-02-07 14:02:50
2025-01-16,29,267989,2025-01-16,6,6,false,1482911,2025-01-16,1,,2025-02-07 14:02:50
2025-01-16,30,267987,2025-01-16,6,6,false,1482915,2025-01-16,1,,2025-02-07 14:02:50
2025-01-16,31,267988,2025-01-16,6,6,false,1482912,2025-01-16,1,,2025-02-07 14:02:50
2025-01-16,32,268021,2025-01-16,6,6,false,1482924,2025-01-16,1,,2025-02-07 14:02:50
2025-01-16,33,593464,2025-01-16,4,4,false,1482934,2025-01-16,1,,2025-02-07 14:02:50
2025-01-16,33,593467,2025-01-16,4,4,false,1482934,2025-01-16,2,,2025-02-07 14:02:50
2025-01-16,33,593486,2025-01-16,4,4,false,1482934,2025-01-16,3,,2025-02-07 14:02:51
2025-01-16,34,593469,2025-01-16,4,4,false,1482927,2025-01-16,1,,2025-02-07 14:02:51
2025-01-16,35,593461,2025-01-16,4,4,false,1482931,2025-01-16,1,,2025-02-07 14:02:51
2025-01-16,36,398193,2025-01-16,3,3,false,1482908,2025-01-16,1,,2025-02-07 14:02:51
2025-01-16,37,593483,2025-01-16,4,4,false,1482939,2025-01-16,1,,2025-02-07 14:02:51
2025-01-16,37,593485,2025-01-16,4,4,false,1482939,2025-01-16,2,,2025-02-07 14:02:51
2025-01-16,37,593489,2025-01-16,4,4,false,1482939,2025-01-16,3,,2025-02-07 14:02:52
2025-01-16,37,593496,2025-01-16,4,4,false,1482939,2025-01-16,4,,2025-02-07 14:02:52
2025-01-16,37,593499,2025-01-16,4,4,false,1482939,2025-01-16,5,,2025-02-07 14:02:52
2025-01-16,38,398196,2025-01-16,3,3,false,1482907,2025-01-16,1,,2025-02-07 14:02:52
2025-01-16,40,268003,2025-01-16,6,6,false,1482916,2025-01-16,1,,2025-02-07 14:02:52
2025-01-16,40,268004,2025-01-16,6,6,false,1482916,2025-01-16,2,,2025-02-07 14:02:52
2025-01-16,40,268008,2025-01-16,6,6,false,1482916,2025-01-16,3,,2025-02-07 14:02:52
2025-01-16,41,593488,2025-01-16,4,4,false,1482935,2025-01-16,1,,2025-02-07 14:02:52
2025-01-16,41,593490,2025-01-16,4,4,false,1482935,2025-01-16,2,,2025-02-07 14:02:53
2025-01-16,41,593493,2025-01-16,4,4,false,1482935,2025-01-16,3,,2025-02-07 14:02:53
2025-01-16,41,593497,2025-01-16,4,4,false,1482935,2025-01-16,4,,2025-02-07 14:02:53
2025-01-16,42,398192,2025-01-16,3,3,false,1482906,2025-01-16,1,,2025-02-07 14:02:53
2025-01-16,43,593474,2025-01-16,4,4,false,,,,C,2025-01-16 09:29:04
2025-01-16,43,593475,2025-01-16,4,4,false,1482932,2025-01-16,1,,2025-02-07 14:02:53
2025-01-16,44,268011,2025-01-16,6,6,false,1482919,2025-01-16,1,,2025-02-07 14:02:53
2025-01-16,44,268013,2025-01-16,6,6,false,1482919,2025-01-16,2,,2025-02-07 14:02:53
2025-01-16,44,268014,2025-01-16,6,6,false,1482919,2025-01-16,3,,2025-02-07 14:02:53
2025-01-16,44,268016,2025-01-16,6,6,false,1482919,2025-01-16,4,,2025-02-07 14:02:54
2025-01-16,44,268018,2025-01-16,6,6,false,1482919,2025-01-16,5,,2025-02-07 14:02:54
2025-01-16,44,268020,2025-01-16,6,6,false,1482919,2025-01-16,6,,2025-02-07 14:02:54
2025-01-16,45,593501,2025-01-16,4,4,false,1482928,2025-01-16,1,,2025-02-07 14:02:54
2025-01-16,47,268009,2025-01-16,6,6,false,1482921,2025-01-16,1,,2025-02-07 14:02:54
2025-01-16,47,268017,2025-01-16,6,6,false,1482921,2025-01-16,2,,2025-02-07 14:02:54
2025-01-16,47,268025,2025-01-16,6,6,false,1482921,2025-01-16,3,,2025-02-07 14:02:54
2025-01-16,48,268000,2025-01-16,6,6,false,1482923,2025-01-16,1,,2025-02-07 14:02:55
2025-01-16,49,593465,2025-01-16,4,4,false,1482929,2025-01-16,1,,2025-02-07 14:02:55
2025-01-16,49,593471,2025-01-16,4,4,false,1482929,2025-01-16,2,,2025-02-07 14:02:55
2025-01-16,49,593477,2025-01-16,4,4,false,1482929,2025-01-16,3,,2025-02-07 14:02:55
2025-01-16,49,593482,2025-01-16,4,4,false,1482929,2025-01-16,4,,2025-02-07 14:02:55
2025-01-16,49,593495,2025-01-16,4,4,false,1482929,2025-01-16,5,,2025-02-07 14:02:55
2025-01-16,50,593476,2025-01-16,44,44,false,1482940,2025-01-16,1,,2025-02-07 14:02:55
2025-01-16,50,593492,2025-01-16,44,44,false,1482940,2025-01-16,2,,2025-02-07 14:02:56
2025-01-16,51,593466,2025-01-16,4,4,false,1482936,2025-01-16,1,,2025-02-07 14:02:56
2025-01-16,51,593472,2025-01-16,4,4,false,1482936,2025-01-16,2,,2025-02-07 14:02:56
2025-01-16,51,593479,2025-01-16,4,4,false,1482936,2025-01-16,3,,2025-02-07 14:02:56
2025-01-16,52,398191,2025-01-16,3,3,false,1482904,2025-01-16,1,,2025-02-07 14:02:56
2025-01-16,53,137391,2025-01-16,1,1,false,1482903,2025-01-16,1,,2025-02-07 14:02:56
2025-01-16,54,268005,2025-01-16,6,6,false,1482920,2025-01-16,1,,2025-02-07 14:02:56
2025-01-16,54,268022,2025-01-16,6,6,false,1482920,2025-01-16,2,,2025-02-07 14:02:57
2025-01-16,55,398195,2025-01-16,3,3,false,1482905,2025-01-16,1,,2025-02-07 14:02:57
2025-01-16,56,593498,2025-01-16,4,4,false,1482926,2025-01-16,1,,2025-02-07 14:02:57
2025-01-16,56,593502,2025-01-16,4,4,false,1482926,2025-01-16,2,,2025-02-07 14:02:57
2025-01-16,57,268002B,2025-01-16,6,6,false,1482922,2025-01-16,1,,2025-02-07 14:02:57
2025-01-16,57,49105B,2025-01-16,6,6,false,1482922,2025-01-16,2,,2025-02-07 14:02:57
2025-01-16,58,10244,2025-01-16,44,44,false,1483368,2025-01-16,1,,2025-02-07 14:02:57
2025-01-17,3,268074,2025-01-17,6,6,false,1482977,2025-01-17,1,,2025-02-07 14:02:58
2025-01-17,4,593517,2025-01-17,4,4,false,1483020,2025-01-17,1,,2025-02-07 14:02:58
2025-01-17,4,593524,2025-01-17,4,4,false,1483020,2025-01-17,2,,2025-02-07 14:02:58
2025-01-17,4,593547,2025-01-17,4,4,false,1483020,2025-01-17,3,,2025-02-07 14:02:58
2025-01-17,4,593573,2025-01-17,4,4,false,1483020,2025-01-17,4,,2025-02-07 14:02:58
2025-01-17,5,268052,2025-01-17,6,6,false,1482983,2025-01-17,1,,2025-02-07 14:02:58
2025-01-17,5,268055,2025-01-17,6,6,false,1482983,2025-01-17,2,,2025-02-07 14:02:58
2025-01-17,5,268058,2025-01-17,6,6,false,1482983,2025-01-17,3,,2025-02-07 14:02:58
2025-01-17,5,268059,2025-01-17,6,6,false,1482983,2025-01-17,4,,2025-02-07 14:02:59
2025-01-17,5,268061,2025-01-17,6,6,false,1482983,2025-01-17,5,,2025-02-07 14:02:59
2025-01-17,5,268066,2025-01-17,6,6,false,,,,C,2025-01-17 11:10:25
2025-01-17,5,268069,2025-01-17,6,6,false,1482983,2025-01-17,6,,2025-02-07 14:02:59
2025-01-17,5,268071,2025-01-17,6,6,false,1482983,2025-01-17,7,,2025-02-07 14:02:59
2025-01-17,5,268073,2025-01-17,6,6,false,1482983,2025-01-17,8,,2025-02-07 14:02:59
2025-01-17,5,268078,2025-01-17,6,6,false,1482983,2025-01-17,9,,2025-02-07 14:02:59
2025-01-17,5,268086,2025-01-17,6,6,false,1482983,2025-01-17,10,,2025-02-07 14:02:59
2025-01-17,5,268087,2025-01-17,6,6,false,1482983,2025-01-17,11,,2025-02-07 14:02:59
2025-01-17,5,268094,2025-01-17,6,6,false,1482983,2025-01-17,12,,2025-02-07 14:03:00
2025-01-17,7,137395,2025-01-17,1,1,false,1482947,2025-01-17,1,,2025-02-07 14:03:00
2025-01-17,9,398215,2025-01-17,3,3,false,1482960,2025-01-17,1,,2025-02-07 14:03:00
2025-01-17,11,593532,2025-01-17,4,4,false,1483007,2025-01-17,1,,2025-02-07 14:03:00
2025-01-17,11,593535,2025-01-17,4,4,false,1483007,2025-01-17,2,,2025-02-07 14:03:00
2025-01-17,11,593565,2025-01-17,4,4,false,1483007,2025-01-17,3,,2025-02-07 14:03:00
2025-01-17,12,137396,2025-01-17,1,1,false,1482944,2025-01-17,1,,2025-02-07 14:03:00
2025-01-17,12,137399,2025-01-17,1,1,false,1482944,2025-01-17,2,,2025-02-07 14:03:00
2025-01-17,16,593575,2025-01-17,4,4,false,1482999,2025-01-17,1,,2025-02-07 14:03:01
2025-01-17,16,593578,2025-01-17,4,4,false,1482999,2025-01-17,2,,2025-02-07 14:03:01
2025-01-17,16,593582,2025-01-17,4,4,false,1482999,2025-01-17,3,,2025-02-07 14:03:01
2025-01-17,16,593585,2025-01-17,4,4,false,1482999,2025-01-17,4,,2025-02-07 14:03:01
2025-01-17,16,593589,2025-01-17,4,4,false,1482999,2025-01-17,5,,2025-02-07 14:03:01
2025-01-17,16,593595,2025-01-17,4,4,false,1482999,2025-01-17,6,,2025-02-07 14:03:01
2025-01-17,16,593597,2025-01-17,4,4,false,1482999,2025-01-17,7,,2025-02-07 14:03:01
2025-01-17,16,593600,2025-01-17,4,4,false,1482999,2025-01-17,8,,2025-02-07 14:03:02
2025-01-17,16,593604,2025-01-17,4,4,false,1482999,2025-01-17,9,,2025-02-07 14:03:02
2025-01-17,16,593606,2025-01-17,4,4,false,1482999,2025-01-17,10,,2025-02-07 14:03:02
2025-01-17,16,593607,2025-01-17,4,4,false,1482999,2025-01-17,11,,2025-02-07 14:03:02
2025-01-17,16,593613,2025-01-17,4,4,false,1482999,2025-01-17,12,,2025-02-07 14:03:02
2025-01-17,16,593615,2025-01-17,4,4,false,1482999,2025-01-17,13,,2025-02-07 14:03:02
2025-01-17,16,593619,2025-01-17,4,4,false,1482999,2025-01-17,14,,2025-02-07 14:03:02
2025-01-17,16,593620,2025-01-17,4,4,false,1482999,2025-01-17,15,,2025-02-07 14:03:03
2025-01-17,16,593627,2025-01-17,4,4,false,1482999,2025-01-17,16,,2025-02-07 14:03:03
2025-01-17,16,593629,2025-01-17,4,4,false,1482999,2025-01-17,17,,2025-02-07 14:03:03
2025-01-17,16,593631,2025-01-17,4,4,false,1482999,2025-01-17,18,,2025-02-07 14:03:03
2025-01-17,16,593632,2025-01-17,4,4,false,1482999,2025-01-17,19,,2025-02-07 14:03:03
2025-01-17,16,593633,2025-01-17,4,4,false,1482999,2025-01-17,20,,2025-02-07 14:03:03
2025-01-17,16,593634,2025-01-17,4,4,false,1482999,2025-01-17,21,,2025-02-07 14:03:04
2025-01-17,16,593635,2025-01-17,4,4,false,1482999,2025-01-17,22,,2025-02-07 14:03:04
2025-01-17,16,593636,2025-01-17,4,4,false,1482999,2025-01-17,23,,2025-02-07 14:03:04
2025-01-17,16,593637,2025-01-17,4,4,false,1482999,2025-01-17,24,,2025-02-07 14:03:04
2025-01-17,16,593638,2025-01-17,4,4,false,1482999,2025-01-17,25,,2025-02-07 14:03:04
2025-01-17,16,593639,2025-01-17,4,4,false,1482999,2025-01-17,26,,2025-02-07 14:03:04
2025-01-17,16,593640,2025-01-17,4,4,false,1482999,2025-01-17,27,,2025-02-07 14:03:04
2025-01-17,16,593641,2025-01-17,4,4,false,1482999,2025-01-17,28,,2025-02-07 14:03:04
2025-01-17,17,593576,2025-01-17,4,4,false,1483008,2025-01-17,1,,2025-02-07 14:03:05
2025-01-17,17,593580,2025-01-17,4,4,false,1483008,2025-01-17,2,,2025-02-07 14:03:05
2025-01-17,17,593584,2025-01-17,4,4,false,1483008,2025-01-17,3,,2025-02-07 14:03:05
2025-01-17,17,593590,2025-01-17,4,4,false,1483008,2025-01-17,4,,2025-02-07 14:03:05
2025-01-17,17,593593,2025-01-17,4,4,false,1483008,2025-01-17,5,,2025-02-07 14:03:05
2025-01-17,17,593601,2025-01-17,4,4,false,1483008,2025-01-17,6,,2025-02-07 14:03:05
2025-01-17,17,593612,2025-01-17,4,4,false,1483008,2025-01-17,7,,2025-02-07 14:03:06
2025-01-17,17,593621,2025-01-17,4,4,false,1483008,2025-01-17,8,,2025-02-07 14:03:06
2025-01-17,17,593625,2025-01-17,4,4,false,1483008,2025-01-17,9,,2025-02-07 14:03:06
2025-01-17,17,593630,2025-01-17,4,4,false,1483008,2025-01-17,10,,2025-02-07 14:03:06
2025-01-17,17,593642,2025-01-17,4,4,false,1483008,2025-01-17,11,,2025-02-07 14:03:06
2025-01-17,18,593588,2025-01-17,4,4,false,1483000,2025-01-17,1,,2025-02-07 14:03:06
2025-01-17,18,593594,2025-01-17,4,4,false,1483000,2025-01-17,2,,2025-02-07 14:03:07
2025-01-17,18,593605,2025-01-17,4,4,false,1483000,2025-01-17,3,,2025-02-07 14:03:07
2025-01-17,18,593611,2025-01-17,4,4,false,1483000,2025-01-17,4,,2025-02-07 14:03:07
2025-01-17,18,593617,2025-01-17,4,4,false,1483000,2025-01-17,5,,2025-02-07 14:03:07
2025-01-17,18,593628,2025-01-17,4,4,false,1483000,2025-01-17,6,,2025-02-07 14:03:07
2025-01-17,19,268088,2025-01-17,6,6,false,1482985,2025-01-17,1,,2025-02-07 14:03:07
2025-01-17,19,268089,2025-01-17,6,6,false,1482985,2025-01-17,2,,2025-02-07 14:03:08
2025-01-17,19,268095,2025-01-17,6,6,false,1482985,2025-01-17,3,,2025-02-07 14:03:08
2025-01-17,19,268096,2025-01-17,6,6,false,1482985,2025-01-17,4,,2025-02-07 14:03:08
2025-01-17,19,268097,2025-01-17,6,6,false,1482985,2025-01-17,5,,2025-02-07 14:03:08
2025-01-17,22,137393,2025-01-17,1,1,false,1482955,2025-01-17,1,,2025-02-07 14:03:08
2025-01-17,23,593586,2025-01-17,4,4,false,1483014,2025-01-17,1,,2025-02-07 14:03:08
2025-01-17,23,593591,2025-01-17,4,4,false,1483014,2025-01-17,2,,2025-02-07 14:03:08
2025-01-17,23,593602,2025-01-17,4,4,false,1483014,2025-01-17,3,,2025-02-07 14:03:08
2025-01-17,25,268032,2025-01-17,6,6,false,1482991,2025-01-17,1,,2025-02-07 14:03:09
2025-01-17,25,268037,2025-01-17,6,6,false,1482991,2025-01-17,2,,2025-02-07 14:03:09
2025-01-17,25,268039,2025-01-17,6,6,false,1482991,2025-01-17,3,,2025-02-07 14:03:09
2025-01-17,25,268040,2025-01-17,6,6,false,1482991,2025-01-17,4,,2025-02-07 14:03:09
2025-01-17,25,268042,2025-01-17,6,6,false,1482991,2025-01-17,5,,2025-02-07 14:03:09
2025-01-17,25,268044,2025-01-17,6,6,false,1482991,2025-01-17,6,,2025-02-07 14:03:09
2025-01-17,25,268047,2025-01-17,6,6,false,1482991,2025-01-17,7,,2025-02-07 14:03:09
2025-01-17,25,268050,2025-01-17,6,6,false,1482991,2025-01-17,8,,2025-02-07 14:03:09
2025-01-17,25,268054,2025-01-17,6,6,false,1482991,2025-01-17,9,,2025-02-07 14:03:09
2025-01-17,25,268060,2025-01-17,6,6,false,1482991,2025-01-17,10,,2025-02-07 14:03:09
2025-01-17,25,268062,2025-01-17,6,6,false,1482991,2025-01-17,11,,2025-02-07 14:03:09
2025-01-17,25,268063,2025-01-17,6,6,false,1482991,2025-01-17,12,,2025-02-07 14:03:10
2025-01-17,25,268065,2025-01-17,6,6,false,1482991,2025-01-17,13,,2025-02-07 14:03:10
2025-01-17,25,268079,2025-01-17,6,6,false,1482991,2025-01-17,14,,2025-02-07 14:03:10
2025-01-17,25,268084,2025-01-17,6,6,false,1482991,2025-01-17,15,,2025-02-07 14:03:10
2025-01-17,25,268091,2025-01-17,6,6,false,1482991,2025-01-17,16,,2025-02-07 14:03:10
2025-01-17,25,268092,2025-01-17,6,6,false,1482991,2025-01-17,17,,2025-02-07 14:03:10
2025-01-17,25,268099,2025-01-17,6,6,false,1482991,2025-01-17,18,,2025-02-07 14:03:10
2025-01-17,26,137407,2025-01-17,1,1,false,1482946,2025-01-17,1,,2025-02-07 14:03:10
2025-01-17,27,268072,2025-01-17,6,6,false,1482979,2025-01-17,1,,2025-02-07 14:03:10
2025-01-17,28,268075,2025-01-17,6,6,false,,,,C,2025-01-17 11:56:26
2025-01-17,28,268080,2025-01-17,6,6,false,1482988,2025-01-17,1,,2025-02-07 14:03:10
2025-01-17,28,268093,2025-01-17,6,6,false,1482988,2025-01-17,2,,2025-02-07 14:03:10
2025-01-17,29,268076,2025-01-17,6,6,false,1482976,2025-01-17,1,,2025-02-07 14:03:11
2025-01-17,29,268077,2025-01-17,6,6,false,1482976,2025-01-17,2,,2025-02-07 14:03:11
2025-01-17,29,268085,2025-01-17,6,6,false,1482976,2025-01-17,3,,2025-02-07 14:03:11
2025-01-17,29,268090,2025-01-17,6,6,false,1482976,2025-01-17,4,,2025-02-07 14:03:11
2025-01-17,30,268035,2025-01-17,6,6,false,1482984,2025-01-17,1,,2025-02-07 14:03:11
2025-01-17,30,268041,2025-01-17,6,6,false,1482984,2025-01-17,2,,2025-02-07 14:03:11
2025-01-17,30,268049,2025-01-17,6,6,false,1482984,2025-01-17,3,,2025-02-07 14:03:11
2025-01-17,30,268057,2025-01-17,6,6,false,,,,C,2025-01-17 09:58:26
2025-01-17,30,268070,2025-01-17,6,6,false,1482984,2025-01-17,4,,2025-02-07 14:03:11
2025-01-17,30,268083,2025-01-17,6,6,false,1482984,2025-01-17,5,,2025-02-07 14:03:11
2025-01-17,31,268036,2025-01-17,6,6,false,1482980,2025-01-17,1,,2025-02-07 14:03:11
2025-01-17,32,268043,2025-01-17,6,6,false,1482992,2025-01-17,1,,2025-02-07 14:03:12
2025-01-17,32,268045,2025-01-17,6,6,false,1482992,2025-01-17,2,,2025-02-07 14:03:12
2025-01-17,33,268056,2025-01-17,6,6,false,1482978,2025-01-17,1,,2025-02-07 14:03:12
2025-01-17,33,268067,2025-01-17,6,6,false,1482978,2025-01-17,2,,2025-02-07 14:03:12
2025-01-17,33,268081,2025-01-17,6,6,false,1482978,2025-01-17,3,,2025-02-07 14:03:12
2025-01-17,36,137392,2025-01-17,1,1,false,1482949,2025-01-17,1,,2025-02-07 14:03:12
2025-01-17,36,137394,2025-01-17,1,1,false,1482949,2025-01-17,2,,2025-02-07 14:03:12
2025-01-17,36,137397,2025-01-17,1,1,false,1482949,2025-01-17,3,,2025-02-07 14:03:12
2025-01-17,37,268027,2025-01-17,6,6,false,1482982,2025-01-17,1,,2025-02-07 14:03:13
2025-01-17,37,268030,2025-01-17,6,6,false,1482982,2025-01-17,2,,2025-02-07 14:03:13
2025-01-17,38,268026,2025-01-17,6,6,false,1482989,2025-01-17,1,,2025-02-07 14:03:13
2025-01-17,38,268028,2025-01-17,6,6,false,1482989,2025-01-17,2,,2025-02-07 14:03:13
2025-01-17,38,268029,2025-01-17,6,6,false,1482989,2025-01-17,3,,2025-02-07 14:03:13
2025-01-17,38,268031,2025-01-17,6,6,false,1482989,2025-01-17,4,,2025-02-07 14:03:13
2025-01-17,38,268033,2025-01-17,6,6,false,,,,C,2025-01-17 06:55:52
2025-01-17,38,268034,2025-01-17,6,6,false,1482989,2025-01-17,5,,2025-02-07 14:03:14
2025-01-17,38,268038,2025-01-17,6,6,false,1482989,2025-01-17,6,,2025-02-07 14:03:14
2025-01-17,38,268053,2025-01-17,6,6,false,1482989,2025-01-17,7,,2025-02-07 14:03:14
2025-01-17,39,398198,2025-01-17,3,3,false,1482974,2025-01-17,1,,2025-02-07 14:03:14
2025-01-17,39,398204,2025-01-17,3,3,false,1482974,2025-01-17,2,,2025-02-07 14:03:14
2025-01-17,39,398209,2025-01-17,3,3,false,1482974,2025-01-17,3,,2025-02-07 14:03:14
2025-01-17,40,137398,2025-01-17,1,1,false,1482958,2025-01-17,1,,2025-02-07 14:03:15
2025-01-17,40,137400,2025-01-17,1,1,false,1482958,2025-01-17,2,,2025-02-07 14:03:15
2025-01-17,40,137401,2025-01-17,1,1,false,1482958,2025-01-17,3,,2025-02-07 14:03:15
2025-01-17,40,137402,2025-01-17,1,1,false,1482958,2025-01-17,4,,2025-02-07 14:03:15
2025-01-17,40,137403,2025-01-17,1,1,false,1482958,2025-01-17,5,,2025-02-07 14:03:15
2025-01-17,40,137404,2025-01-17,1,1,false,1482958,2025-01-17,6,,2025-02-07 14:03:15
2025-01-17,45,268068,2025-01-17,6,6,false,1483017,2025-01-17,1,,2025-02-07 14:03:16
2025-01-17,45,593559,2025-01-17,4,4,false,1483017,2025-01-17,2,,2025-02-07 14:03:16
2025-01-17,45,593571,2025-01-17,4,4,false,1483017,2025-01-17,3,,2025-02-07 14:03:16
2025-01-17,45,593577,2025-01-17,4,4,false,1483017,2025-01-17,4,,2025-02-07 14:03:16
2025-01-17,45,593581,2025-01-17,4,4,false,1483017,2025-01-17,5,,2025-02-07 14:03:16
2025-01-17,46,268051,2025-01-17,6,6,false,1483018,2025-01-17,1,,2025-02-07 14:03:16
2025-01-17,46,593537,2025-01-17,4,4,false,1483018,2025-01-17,2,,2025-02-07 14:03:16
2025-01-17,46,593548,2025-01-17,4,4,false,1483018,2025-01-17,3,,2025-02-07 14:03:17
2025-01-17,46,593557,2025-01-17,4,4,false,1483018,2025-01-17,4,,2025-02-07 14:03:17
