order_date,order_code,tkt_code,order_intrnl_line_num,delv_qty,delv_qty_uom,ship_plant_code,raw_ship_plant_code,ext_price_amt,update_date
2025-01-01,1,10242,1,1.50,90005,40,40,99.00,2025-01-21 08:29:13
2025-01-02,3,267785,1,9.50,40003,6,6,1415.50,2025-01-02 11:01:09
2025-01-02,3,267786,1,9.50,40003,6,6,1415.50,2025-01-02 11:16:22
2025-01-02,3,267795,1,9.50,40003,6,6,1415.50,2025-01-02 12:58:33
2025-01-02,7,267787,4,1.50,40003,6,6,463.50,2025-01-08 16:52:41
2025-01-02,7,267788,2,7.00,40003,6,6,1365.00,2025-01-08 16:52:41
2025-01-02,7,267794,2,7.00,40003,6,6,1365.00,2025-01-08 16:52:41
2025-01-02,8,137300,1,6.00,40003,1,1,1059.00,2025-01-02 07:22:51
2025-01-02,8,137301,1,6.00,40003,1,1,1059.00,2025-01-02 07:56:53
2025-01-02,9,267770,5,8.50,40003,6,6,1198.50,2025-01-02 08:07:50
2025-01-02,9,267773,5,8.50,40003,6,6,1198.50,2025-01-02 08:31:19
2025-01-02,9,267775,5,8.50,40003,6,6,1198.50,2025-01-02 08:50:17
2025-01-02,9,267776,5,8.25,40003,6,6,1163.25,2025-01-02 09:10:22
2025-01-02,9,267777,5,8.25,40003,6,6,1163.25,2025-01-02 09:30:18
2025-01-02,9,267780,16,9.50,40003,6,6,1358.50,2025-01-02 10:02:52
2025-01-02,9,267782,16,9.50,40003,6,6,1358.50,2025-01-02 10:25:48
2025-01-02,9,267784,16,9.50,40003,6,6,1358.50,2025-01-02 10:41:05
2025-01-02,10,267789,4,8.25,40003,6,6,1134.38,2025-01-02 12:16:40
2025-01-02,10,267790,4,8.25,40003,6,6,1134.38,2025-01-02 12:24:23
2025-01-02,10,267791,4,8.25,40003,6,6,1134.38,2025-01-02 12:35:45
2025-01-02,10,267792,4,8.25,40003,6,6,1134.38,2025-01-02 12:40:48
2025-01-02,10,267793,4,8.00,40003,6,6,1100.00,2025-01-02 12:48:03
2025-01-02,12,267767,1,9.50,40003,6,6,1510.50,2025-01-08 16:55:10
2025-01-02,12,267768,1,9.50,40003,6,6,1510.50,2025-01-08 16:55:10
2025-01-02,12,267769,1,9.50,40003,6,6,1510.50,2025-01-08 16:55:10
2025-01-02,12,267771,1,9.50,40003,6,6,1510.50,2025-01-08 16:55:10
2025-01-02,12,267778,1,9.00,40003,6,6,1431.00,2025-01-08 16:55:10
2025-01-02,12,267779,1,5.00,40003,6,6,795.00,2025-01-08 16:55:10
2025-01-02,15,593209,1,9.25,40003,4,4,1299.63,2025-01-02 13:17:19
2025-01-02,15,593210,1,9.25,40003,4,4,1299.63,2025-01-02 14:27:30
2025-01-02,16,593190,1,9.50,40003,4,4,1391.75,2025-01-02 07:38:47
2025-01-02,16,593200,1,2.00,40003,4,4,293.00,2025-01-02 09:45:07
2025-01-02,17,593182,1,9.50,40003,4,4,1567.50,2025-01-02 06:39:43
2025-01-02,17,593191,1,2.00,40003,4,4,330.00,2025-01-02 08:06:43
2025-01-02,19,137298,1,9.00,40003,1,1,1512.00,2025-01-02 07:09:04
2025-01-02,19,137298,4,1.00,80001,1,1,80.00,2025-01-02 07:09:04
2025-01-02,19,137299,1,9.00,40003,1,1,1512.00,2025-01-02 07:09:32
2025-01-02,19,137299,4,1.00,80001,1,1,80.00,2025-01-02 07:09:32
2025-01-02,19,137302,3,6.00,40003,1,1,1008.00,2025-01-02 08:55:17
2025-01-02,20,593202,1,1.50,40003,4,4,277.50,2025-01-02 09:53:48
2025-01-02,21,593180,1,9.00,40003,4,4,1656.00,2025-01-02 06:28:03
2025-01-02,21,593183,1,9.00,40003,4,4,1656.00,2025-01-02 06:44:47
2025-01-02,23,593195,1,6.00,40003,4,4,1014.00,2025-01-02 08:25:40
2025-01-02,24,137304,3,9.50,40003,1,1,1296.75,2025-01-02 10:31:37
2025-01-02,24,137305,3,9.50,40003,1,1,1296.75,2025-01-02 10:37:12
2025-01-02,24,137306,3,9.50,40003,1,1,1296.75,2025-01-02 10:40:35
2025-01-02,24,137307,3,9.25,40003,1,1,1262.63,2025-01-02 10:47:37
2025-01-02,24,137308,3,9.25,40003,1,1,1262.63,2025-01-02 10:51:21
2025-01-02,25,593194,1,2.00,40003,4,4,328.00,2025-01-02 08:24:41
2025-01-02,26,137311,1,3.50,40003,1,1,600.25,2025-01-02 13:46:43
2025-01-02,28,593186,21,7.00,40003,4,4,917.00,2025-01-02 07:11:29
2025-01-02,28,593189,21,7.00,40003,4,4,917.00,2025-01-02 07:38:26
2025-01-02,28,593198,21,5.00,40003,4,4,655.00,2025-01-02 08:53:04
2025-01-02,28,593201,21,5.00,40003,4,4,655.00,2025-01-02 09:49:40
2025-01-02,28,593203,21,5.00,40003,4,4,655.00,2025-01-02 09:58:19
2025-01-02,28,593206,21,9.50,40003,4,4,1244.50,2025-01-02 11:03:17
2025-01-02,30,137309,69,9.50,40003,1,1,1391.75,2025-01-02 11:28:51
2025-01-02,30,137310,69,6.00,40003,1,1,879.00,2025-01-02 13:16:25
2025-01-02,31,267781,4,6.75,40003,6,6,965.25,2025-01-02 10:23:52
2025-01-02,31,267783,4,6.75,40003,6,6,965.25,2025-01-02 10:40:58
2025-01-02,33,398043,1,7.00,40003,3,3,1211.00,2025-01-02 08:03:25
2025-01-02,35,398042,1,9.50,40003,3,3,1586.50,2025-01-02 06:33:28
2025-01-02,36,398044,1,9.50,40003,3,3,1444.00,2025-01-02 09:12:43
2025-01-02,37,593207,1,8.00,40003,4,4,1368.00,2025-01-02 11:17:54
2025-01-02,39,593181,1,8.00,40003,4,4,1424.00,2025-01-02 06:34:36
2025-01-02,39,593184,1,8.00,40003,4,4,1424.00,2025-01-02 06:55:47
2025-01-02,39,593185,1,8.00,40003,4,4,1424.00,2025-01-02 06:56:02
2025-01-02,39,593199,1,7.00,40003,4,4,1246.00,2025-01-02 09:27:05
2025-01-02,40,137303,1,6.50,40003,1,1,1105.00,2025-01-02 09:23:30
2025-01-02,42,398049,1,9.50,40003,3,3,1377.50,2025-01-02 12:13:52
2025-01-02,42,398050,1,9.50,40003,3,3,1377.50,2025-01-02 14:17:41
2025-01-02,43,593192,1,6.00,40003,4,4,960.00,2025-01-02 08:11:57
2025-01-02,43,593196,1,6.00,40003,4,4,960.00,2025-01-02 08:28:21
2025-01-02,44,398046,1,2.50,40003,3,3,450.00,2025-01-02 11:12:06
2025-01-02,46,593188,1,9.50,40003,4,4,1377.50,2025-01-02 07:29:34
2025-01-02,46,593193,1,9.50,40003,4,4,1377.50,2025-01-02 08:12:31
2025-01-02,46,593197,1,9.25,40003,4,4,1341.25,2025-01-02 08:34:12
2025-01-02,46,593205,1,7.00,40003,4,4,1015.00,2025-01-02 10:32:26
2025-01-02,46,593208,1,5.50,40003,4,4,797.50,2025-01-02 12:01:57
2025-01-02,47,593187,62,7.50,40003,4,4,1237.50,2025-01-02 07:28:46
2025-01-02,48,593204,67,9.50,40003,4,4,1391.75,2025-01-02 10:12:56
2025-01-02,49,398045,1,5.00,40003,3,3,900.00,2025-01-02 09:55:28
2025-01-02,50,450871,1,2.00,60003,40,40,80.00,2025-01-02 08:13:01
2025-01-02,51,267772,1,4.50,40003,6,6,740.25,2025-01-02 08:26:56
2025-01-02,52,267774,1,9.50,40003,6,6,1377.50,2025-01-02 08:36:09
2025-01-02,53,450872,1,0.50,60003,40,40,20.00,2025-01-02 09:24:33
2025-01-02,54,398047,1,9.50,40003,3,3,1406.00,2025-01-02 11:21:01
2025-01-02,54,398048,1,9.50,40003,3,3,1406.00,2025-01-02 11:51:53
2025-01-03,3,267802,1,4.00,40003,6,6,660.00,2025-01-03 07:39:25
2025-01-03,5,267820,1,8.00,40003,6,6,1316.00,2025-01-03 10:20:22
2025-01-03,6,267832,4,2.00,40003,6,6,618.00,2025-01-09 08:41:35
2025-01-03,6,267834,2,7.00,40003,6,6,1365.00,2025-01-09 08:41:35
2025-01-03,6,267838,2,7.00,40003,6,6,1365.00,2025-01-09 08:41:35
2025-01-03,9,267819,4,7.00,40003,6,6,1001.00,2025-01-03 10:01:34
2025-01-03,10,267814,5,8.75,40003,6,6,1203.13,2025-01-03 09:00:36
2025-01-03,10,267815,5,8.75,40003,6,6,1203.13,2025-01-03 09:05:39
2025-01-03,10,267816,5,8.75,40003,6,6,1203.13,2025-01-03 09:11:36
2025-01-03,10,267817,5,8.75,40003,6,6,1203.13,2025-01-03 09:16:49
2025-01-03,11,267827,7,9.25,40003,6,6,1258.00,2025-01-03 11:54:19
2025-01-03,11,267830,7,9.50,40003,6,6,1292.00,2025-01-03 12:14:24
2025-01-03,11,267831,7,9.50,40003,6,6,1292.00,2025-01-03 12:26:09
2025-01-03,11,267835,7,9.50,40003,6,6,1292.00,2025-01-03 13:03:47
2025-01-03,11,267837,7,9.25,40003,6,6,1258.00,2025-01-03 13:16:29
2025-01-03,11,267839,7,9.50,40003,6,6,1292.00,2025-01-03 13:30:43
2025-01-03,11,267840,7,9.50,40003,6,6,1292.00,2025-01-03 13:42:52
2025-01-03,11,267842,7,9.50,40003,6,6,1292.00,2025-01-03 13:57:12
2025-01-03,11,267843,7,9.50,40003,6,6,1292.00,2025-01-03 14:09:01
2025-01-03,11,267844,7,9.75,40003,6,6,1326.00,2025-01-03 14:18:14
2025-01-03,11,267845,7,9.75,40003,6,6,1326.00,2025-01-03 14:28:43
2025-01-03,11,267846,7,9.50,40003,6,6,1292.00,2025-01-03 14:39:24
2025-01-03,12,267800,1,3.00,40003,6,6,442.50,2025-01-03 07:31:14
2025-01-03,14,593266,1,9.00,40003,4,4,1264.50,2025-01-03 17:13:50
2025-01-03,15,267796,1,9.50,40003,6,6,1662.50,2025-01-03 06:30:33
2025-01-03,15,267805,6,9.50,40003,6,6,1662.50,2025-01-03 07:54:39
2025-01-03,17,593226,1,9.25,40003,4,4,1355.13,2025-01-03 09:06:47
2025-01-03,18,593218,6,9.25,40003,4,4,1336.63,2025-01-03 07:19:48
2025-01-03,18,593225,6,9.25,40003,4,4,1336.63,2025-01-03 07:49:49
2025-01-03,18,593231,6,9.50,40003,4,4,1372.75,2025-01-03 08:24:57
2025-01-03,18,593233,6,9.50,40003,4,4,1372.75,2025-01-03 08:34:54
2025-01-03,18,593235,6,9.50,40003,4,4,1372.75,2025-01-03 08:48:12
2025-01-03,18,593241,6,8.00,40003,4,4,1156.00,2025-01-03 10:34:07
2025-01-03,19,593219,1,9.25,40003,4,4,1530.88,2025-01-03 07:21:15
2025-01-03,19,593227,1,9.25,40003,4,4,1530.88,2025-01-03 08:01:28
2025-01-03,19,593239,1,5.00,40003,4,4,827.50,2025-01-03 09:20:41
2025-01-03,20,593217,1,4.00,40003,4,4,688.00,2025-01-03 07:15:12
2025-01-03,22,593230,1,6.00,40003,4,4,1014.00,2025-01-03 08:17:57
2025-01-03,24,267806,1,7.00,40003,6,6,1225.00,2025-01-03 08:07:05
2025-01-03,25,267824,4,9.50,40003,6,6,1287.25,2025-01-03 11:08:37
2025-01-03,26,593252,109,9.25,40003,4,4,1271.88,2025-01-03 14:12:13
2025-01-03,26,593253,109,9.50,40003,4,4,1306.25,2025-01-03 14:19:27
2025-01-03,26,593254,109,9.25,40003,4,4,1271.88,2025-01-03 14:22:19
2025-01-03,26,593256,109,9.25,40003,4,4,1271.88,2025-01-03 14:35:08
2025-01-03,26,593261,109,6.00,40003,4,4,825.00,2025-01-03 15:47:14
2025-01-03,27,593212,1,9.50,40003,4,4,1548.50,2025-01-03 06:32:57
2025-01-03,27,593216,1,9.50,40003,4,4,1548.50,2025-01-03 07:03:07
2025-01-03,27,593223,1,9.50,40003,4,4,1548.50,2025-01-03 07:38:17
2025-01-03,27,593229,1,9.50,40003,4,4,1548.50,2025-01-03 08:12:56
2025-01-03,27,593238,1,6.00,40003,4,4,978.00,2025-01-03 09:17:10
2025-01-03,28,267821,1,2.00,40003,6,6,360.00,2025-01-03 10:26:35
2025-01-03,29,593214,1,8.50,40003,4,4,1245.25,2025-01-03 06:43:28
2025-01-03,29,593215,1,8.50,40003,4,4,1245.25,2025-01-03 06:49:01
2025-01-03,29,593222,1,8.50,40003,4,4,1245.25,2025-01-03 07:35:18
2025-01-03,29,593224,1,8.50,40003,4,4,1245.25,2025-01-03 07:42:16
2025-01-03,30,137319,1,8.50,40003,1,1,1517.25,2025-01-03 08:55:38
2025-01-03,30,137321,1,8.50,40003,1,1,1517.25,2025-01-03 09:18:33
2025-01-03,31,593221,1,2.00,40003,4,4,350.00,2025-01-03 07:32:28
2025-01-03,33,267797,4,8.50,40003,6,6,1215.50,2025-01-03 06:37:59
2025-01-03,33,267798,4,8.50,40003,6,6,1215.50,2025-01-03 07:00:38
2025-01-03,34,267801,4,9.25,40003,6,6,1304.25,2025-01-03 07:35:19
2025-01-03,34,267804,4,9.25,40003,6,6,1304.25,2025-01-03 07:51:50
2025-01-03,36,267810,4,5.25,40003,6,6,740.25,2025-01-03 08:38:53
2025-01-03,36,267813,4,5.25,40003,6,6,740.25,2025-01-03 08:55:56
2025-01-03,37,137315,1,3.50,40003,1,1,626.50,2025-01-03 07:26:16
2025-01-03,38,137312,13,8.50,40003,1,1,1245.25,2025-01-03 06:58:25
2025-01-03,38,137314,13,8.50,40003,1,1,1245.25,2025-01-03 07:19:06
2025-01-03,39,593213,1,9.50,40003,4,4,1558.00,2025-01-03 06:38:22
2025-01-03,39,593228,1,7.50,40003,4,4,1230.00,2025-01-03 08:07:10
2025-01-03,40,267825,1,9.00,40003,6,6,1219.50,2025-01-03 11:14:54
2025-01-03,40,267826,1,9.00,40003,6,6,1219.50,2025-01-03 11:17:50
2025-01-03,42,267799,1,2.00,40003,6,6,333.00,2025-01-03 07:05:26
2025-01-03,47,137322,1,9.00,40003,1,1,1341.00,2025-01-03 09:25:45
2025-01-03,47,137324,1,4.00,40003,1,1,596.00,2025-01-03 09:57:45
2025-01-03,47,398061,1,9.00,40003,3,3,1341.00,2025-01-03 09:09:17
2025-01-03,49,398059,1,9.50,40003,3,3,1444.00,2025-01-03 08:54:14
2025-01-03,50,137313,3,9.50,40003,1,1,1327.63,2025-01-03 07:03:08
2025-01-03,50,137316,3,9.50,40003,1,1,1327.63,2025-01-03 07:36:07
2025-01-03,50,137318,3,9.50,40003,1,1,1327.63,2025-01-03 08:01:38
2025-01-03,50,137320,3,9.50,40003,1,1,1327.63,2025-01-03 09:04:36
2025-01-03,51,593265,1,9.50,40003,4,4,1334.75,2025-01-03 16:07:48
2025-01-03,53,137317,1,2.00,40003,1,1,365.00,2025-01-03 07:45:11
2025-01-03,54,267803,36,9.50,40003,6,6,1372.75,2025-01-03 07:42:54
2025-01-03,54,267809,36,9.50,40003,6,6,1372.75,2025-01-03 08:27:28
2025-01-03,54,267811,37,9.50,40003,6,6,1391.75,2025-01-03 08:44:30
2025-01-03,54,267818,37,9.50,40003,6,6,1391.75,2025-01-03 09:55:26
2025-01-03,54,593236,37,9.25,40003,4,4,1355.13,2025-01-03 09:07:25
2025-01-03,55,398071,1,9.50,40003,3,3,1377.50,2025-01-03 12:19:32
2025-01-03,55,398072,1,9.50,40003,3,3,1377.50,2025-01-03 12:41:27
2025-01-03,55,398074,1,9.50,40003,3,3,1377.50,2025-01-03 13:11:11
2025-01-03,55,398076,1,9.50,40003,3,3,1377.50,2025-01-03 13:35:59
2025-01-03,56,593232,1,8.50,40003,4,4,1530.00,2025-01-03 08:29:21
2025-01-03,56,593234,1,8.50,40003,4,4,1530.00,2025-01-03 08:40:21
2025-01-03,57,398063,1,4.50,40003,3,3,848.25,2025-01-03 09:29:14
2025-01-03,58,593242,1,9.50,40003,4,4,1610.25,2025-01-03 11:58:48
2025-01-03,58,593243,1,8.75,40003,4,4,1483.13,2025-01-03 12:20:43
2025-01-03,58,593245,1,8.75,40003,4,4,1483.13,2025-01-03 12:38:12
2025-01-03,58,593246,1,8.50,40003,4,4,1440.75,2025-01-03 12:53:50
2025-01-03,58,593248,1,8.50,40003,4,4,1440.75,2025-01-03 13:15:10
2025-01-03,58,593249,1,8.50,40003,4,4,1440.75,2025-01-03 13:28:09
2025-01-03,58,593258,1,7.00,40003,4,4,1186.50,2025-01-03 14:46:15
2025-01-03,59,593220,2,9.50,40003,4,4,1543.75,2025-01-03 07:24:59
2025-01-03,60,593250,1,6.00,40003,4,4,1026.00,2025-01-03 13:59:24
2025-01-03,60,593251,1,6.00,40003,4,4,1026.00,2025-01-03 14:08:55
2025-01-03,60,593264,1,4.50,40003,4,4,769.50,2025-01-03 16:07:09
2025-01-03,61,398057,1,9.50,40003,3,3,1605.50,2025-01-03 08:15:17
2025-01-03,61,398060,1,9.50,40003,3,3,1605.50,2025-01-03 09:03:16
2025-01-03,61,398067,1,2.50,40003,3,3,422.50,2025-01-03 10:43:30
2025-01-03,62,593237,1,2.50,40003,4,4,410.00,2025-01-03 09:11:03
2025-01-03,63,593255,1,9.50,40003,4,4,1334.75,2025-01-03 14:33:59
2025-01-03,63,593257,1,9.25,40003,4,4,1299.63,2025-01-03 14:44:56
2025-01-03,63,593259,1,9.50,40003,4,4,1334.75,2025-01-03 15:02:28
2025-01-03,64,267833,5,9.50,40003,6,6,1543.75,2025-01-03 12:43:27
2025-01-03,64,593244,5,9.25,40003,4,4,1503.13,2025-01-03 12:30:33
2025-01-03,64,593247,5,9.50,40003,4,4,1543.75,2025-01-03 12:58:07
2025-01-03,65,593211,1,3.00,40003,4,4,499.50,2025-01-03 06:21:05
2025-01-03,66,398062,1,9.50,40003,3,3,1377.50,2025-01-03 09:21:15
2025-01-03,66,398065,1,9.50,40003,3,3,1377.50,2025-01-03 10:07:19
2025-01-03,66,398068,1,9.50,40003,3,3,1377.50,2025-01-03 10:54:39
2025-01-03,66,398070,1,9.50,40003,3,3,1377.50,2025-01-03 11:52:54
2025-01-03,67,593240,1,1.50,40003,4,4,240.00,2025-01-03 09:43:16
2025-01-03,68,267812,1,9.50,40003,6,6,1539.00,2025-01-03 08:46:50
2025-01-03,69,267822,1,2.00,40003,6,6,318.00,2025-01-09 08:46:03
2025-01-03,71,398066,1,4.50,40003,3,3,783.00,2025-01-03 10:36:13
2025-01-03,72,137325,1,7.50,40003,1,1,1233.75,2025-01-03 10:20:54
2025-01-03,73,137326,1,8.00,40003,1,1,1360.00,2025-01-03 13:05:22
2025-01-03,73,137327,1,8.00,40003,1,1,1360.00,2025-01-03 13:55:01
2025-01-03,73,137328,1,8.00,40003,1,1,1360.00,2025-01-03 15:27:26
2025-01-03,73,398073,1,8.00,40003,3,3,1360.00,2025-01-03 13:07:38
2025-01-03,75,398051,1,7.00,40003,3,3,1036.00,2025-01-03 06:32:45
2025-01-03,75,398053,1,7.00,40003,3,3,1036.00,2025-01-03 06:59:43
2025-01-03,75,398064,3,9.00,40003,3,3,1305.00,2025-01-03 09:44:06
2025-01-03,76,137323,1,2.00,40003,1,1,320.00,2025-01-03 09:45:11
2025-01-03,77,398056,1,3.00,40003,3,3,453.00,2025-01-03 07:59:32
2025-01-03,78,267836,1,1.50,40003,6,6,265.50,2025-01-03 13:07:26
2025-01-03,79,267807,1,19.65,60003,42,42,648.45,2025-01-03 08:18:45
2025-01-03,80,398052,1,9.50,40003,3,3,1406.00,2025-01-03 06:46:58
2025-01-03,81,398054,1,5.00,80001,43,43,300.00,2025-01-03 07:21:59
2025-01-03,81,398058,1,5.00,80001,43,43,300.00,2025-01-03 08:49:17
2025-01-03,82,398055,1,3.50,40003,3,3,507.50,2025-01-03 07:51:37
2025-01-03,83,267808,1,4.00,40003,6,6,658.00,2025-01-03 08:19:25
2025-01-03,84,593260,6,9.50,40003,4,4,1358.50,2025-01-03 15:18:58
2025-01-03,84,593262,6,2.00,40003,4,4,286.00,2025-01-03 15:52:56
2025-01-03,84,593263,6,3.00,40003,4,4,429.00,2025-01-03 15:53:06
2025-01-03,85,267823,1,8.00,40003,6,6,1412.00,2025-01-03 11:01:54
2025-01-03,86,450874,1,4.00,60003,40,40,110.00,2025-01-03 14:52:14
2025-01-03,87,450873,1,14.00,60003,40,40,385.00,2025-01-03 14:27:34
2025-01-03,88,398069,1,9.25,40003,3,3,1350.50,2025-01-03 11:44:10
2025-01-03,88,398075,1,2.00,40003,3,3,292.00,2025-01-03 13:28:21
2025-01-03,89,267828,1,5.50,40003,6,6,907.50,2025-01-03 12:00:15
2025-01-03,90,267829,1,3.00,40003,6,6,535.50,2025-01-03 12:04:26
2025-01-03,91,267841,30,9.50,40003,6,6,1353.75,2025-01-03 13:48:59
2025-01-03,91,267847,30,9.25,40003,6,6,1318.13,2025-01-03 15:21:32
2025-01-03,91,267848,33,9.50,40003,6,6,1353.75,2025-01-03 15:53:09
2025-01-03,91,267849,33,9.50,40003,6,6,1353.75,2025-01-03 15:55:02
2025-01-03,92,267829,1,-3.00,40003,6,6,-535.50,2025-03-14 09:28:25
2025-01-03,93,267829,1,3.00,40003,6,6,535.50,2025-03-14 09:30:05
2025-01-04,1,593267,1,9.50,40003,4,4,1733.75,2025-01-04 06:57:59
2025-01-04,1,593267,2,4.00,80001,4,4,2000.00,2025-01-04 06:57:59
2025-01-04,1,593268,1,9.50,40003,4,4,1733.75,2025-01-04 07:19:15
2025-01-04,1,593269,1,9.25,40003,4,4,1688.13,2025-01-04 07:29:53
2025-01-04,1,593270,1,9.25,40003,4,4,1688.13,2025-01-04 07:43:14
2025-01-04,1,593270,3,6.00,80001,4,4,24.00,2025-01-04 07:43:14
2025-01-04,1,593271,1,9.50,40003,4,4,1733.75,2025-01-04 07:55:32
2025-01-04,1,593272,1,9.50,40003,4,4,1733.75,2025-01-04 07:55:40
2025-01-08,10,398077,1,9.50,40003,3,3,1453.50,2025-01-08 08:21:30
2025-01-08,10,398078,1,9.50,40003,3,3,1453.50,2025-01-08 08:43:02
2025-01-08,10,398080,1,6.00,40003,3,3,918.00,2025-01-08 09:54:48
2025-01-08,11,398079,1,9.50,40003,3,3,1719.50,2025-01-08 09:20:50
2025-01-08,11,398081,1,9.50,40003,3,3,1719.50,2025-01-08 10:21:30
2025-01-08,13,267853,3,7.00,40003,6,6,1260.00,2025-01-08 12:57:36
2025-01-08,13,267855,3,7.00,40003,6,6,1260.00,2025-01-08 14:39:27
2025-01-08,16,267850,1,9.50,40003,6,6,1714.75,2025-01-08 10:27:01
2025-01-08,16,267851,1,9.50,40003,6,6,1714.75,2025-01-08 11:36:20
2025-01-08,16,267854,1,3.00,40003,6,6,541.50,2025-01-08 13:30:59
2025-01-08,17,137329,1,9.00,40003,1,1,1647.00,2025-01-08 11:54:25
2025-01-08,20,267852,1,2.00,40003,6,6,286.00,2025-01-08 12:53:13
2025-01-08,21,267851B,1,1.00,40003,6,6,180.50,2025-01-10 11:32:05
2025-01-09,5,398082,4,1.00,40003,3,3,291.00,2025-01-10 15:03:34
2025-01-09,5,398083,1,9.50,40003,3,3,1444.00,2025-01-10 15:03:34
2025-01-09,5,398084,1,9.50,40003,3,3,1444.00,2025-01-10 15:03:34
2025-01-09,5,398085,1,9.50,40003,3,3,1444.00,2025-01-10 15:03:34
2025-01-09,5,398086,1,9.50,40003,3,3,1444.00,2025-01-10 15:03:34
2025-01-09,5,398087,1,9.00,40003,3,3,1368.00,2025-01-10 15:03:34
2025-01-09,5,398088,1,9.50,40003,3,3,1444.00,2025-01-10 15:03:34
2025-01-09,5,398089,1,9.50,40003,3,3,1444.00,2025-01-10 15:03:34
2025-01-09,5,398091,1,6.50,40003,3,3,988.00,2025-01-10 15:03:34
2025-01-09,9,137330,1,7.50,40003,1,1,1432.50,2025-01-09 09:38:27
2025-01-09,9,137333,1,5.50,40003,1,1,1050.50,2025-01-09 11:15:54
2025-01-09,12,593280,1,3.00,40003,4,4,562.50,2025-01-09 11:10:26
2025-01-09,14,267856,1,9.50,40003,6,6,1358.50,2025-01-09 09:11:49
2025-01-09,14,267857,1,9.50,40003,6,6,1358.50,2025-01-09 09:38:33
2025-01-09,14,267858,1,9.50,40003,6,6,1358.50,2025-01-09 10:01:02
2025-01-09,14,267859,1,9.50,40003,6,6,1358.50,2025-01-09 10:26:00
2025-01-09,14,267860,1,4.00,40003,6,6,572.00,2025-01-09 11:24:03
2025-01-09,15,398092,1,9.50,40003,3,3,1444.00,2025-01-09 10:34:37
2025-01-09,15,398093,1,9.50,40003,3,3,1444.00,2025-01-09 11:17:12
2025-01-09,15,398094,1,9.50,40003,3,3,1444.00,2025-01-09 11:39:24
2025-01-09,17,593273,14,9.50,40003,4,4,1415.50,2025-01-09 08:59:43
2025-01-09,17,593274,14,9.50,40003,4,4,1415.50,2025-01-09 09:14:28
2025-01-09,17,593275,14,9.50,40003,4,4,1415.50,2025-01-09 09:14:38
2025-01-09,17,593276,14,9.50,40003,4,4,1415.50,2025-01-09 09:25:11
2025-01-09,17,593277,14,9.50,40003,4,4,1415.50,2025-01-09 09:51:10
2025-01-09,17,593278,14,9.50,40003,4,4,1415.50,2025-01-09 10:25:00
2025-01-09,17,593279,14,9.50,40003,4,4,1415.50,2025-01-09 11:03:14
2025-01-09,17,593281,14,9.50,40003,4,4,1415.50,2025-01-09 11:17:24
2025-01-09,17,593282,14,2.00,40003,4,4,298.00,2025-01-09 12:08:09
2025-01-09,18,593283,6,9.50,40003,4,4,1358.50,2025-01-09 13:42:16
2025-01-09,18,593284,6,9.50,40003,4,4,1358.50,2025-01-09 13:59:41
2025-01-09,18,593285,6,9.50,40003,4,4,1358.50,2025-01-09 14:15:11
2025-01-09,18,593286,6,9.50,40003,4,4,1358.50,2025-01-09 14:29:35
2025-01-09,18,593287,6,9.00,40003,4,4,1287.00,2025-01-09 14:42:40
2025-01-09,19,137335,1,9.50,40003,1,1,1467.75,2025-01-09 13:25:43
2025-01-09,19,137336,1,9.50,40003,1,1,1467.75,2025-01-09 13:50:30
2025-01-09,20,137331,1,2.50,40003,1,1,425.00,2025-01-09 09:46:35
2025-01-09,21,267861,4,2.00,40003,6,6,618.00,2025-01-10 15:04:43
2025-01-09,21,267863,2,7.00,40003,6,6,1365.00,2025-01-10 15:04:43
2025-01-09,21,267864,2,7.00,40003,6,6,1365.00,2025-01-10 15:04:43
2025-01-09,21,267865,2,7.00,40003,6,6,1365.00,2025-01-10 15:04:43
2025-01-09,25,137332,3,1.50,40003,1,1,255.00,2025-01-09 10:08:57
2025-01-09,26,398090,1,10.00,80001,43,43,600.00,2025-01-09 09:10:28
2025-01-09,27,137334,1,9.50,40003,1,1,1738.50,2025-01-09 12:11:49
2025-01-09,28,267862,3,5.00,40003,6,6,900.00,2025-01-09 12:33:33
2025-01-09,28,267866,3,5.00,40003,6,6,900.00,2025-01-09 14:26:19
2025-01-10,6,593288,1,9.50,40003,4,4,1662.50,2025-01-10 07:56:50
2025-01-10,6,593291,1,9.50,40003,4,4,1662.50,2025-01-10 08:30:15
2025-01-10,7,593312,20,9.50,40003,4,4,1358.50,2025-01-10 12:34:15
2025-01-10,7,593318,20,9.25,40003,4,4,1322.75,2025-01-10 13:53:15
2025-01-10,7,593322,20,9.50,40003,4,4,1358.50,2025-01-10 14:22:31
2025-01-10,7,593326,20,9.25,40003,4,4,1322.75,2025-01-10 15:07:12
2025-01-10,8,398096,1,9.50,40003,3,3,1681.50,2025-01-10 07:36:36
2025-01-10,8,398100,1,3.50,40003,3,3,619.50,2025-01-10 09:03:56
2025-01-10,9,267867,1,9.50,40003,6,6,1695.75,2025-01-10 07:26:56
2025-01-10,9,267868,1,9.50,40003,6,6,1695.75,2025-01-10 07:41:34
2025-01-10,9,267869,1,9.50,40003,6,6,1695.75,2025-01-10 07:54:48
2025-01-10,9,267877,1,1.25,40003,6,6,223.13,2025-01-10 09:33:58
2025-01-10,10,267871,1,8.50,40003,6,6,1168.75,2025-01-10 08:35:24
2025-01-10,10,267873,1,8.50,40003,6,6,1168.75,2025-01-10 08:54:22
2025-01-10,10,267874,1,8.50,40003,6,6,1168.75,2025-01-10 09:06:09
2025-01-10,10,267876,1,8.50,40003,6,6,1168.75,2025-01-10 09:24:00
2025-01-10,10,267879,1,8.50,40003,6,6,1168.75,2025-01-10 09:41:52
2025-01-10,10,267881,1,8.50,40003,6,6,1168.75,2025-01-10 09:49:30
2025-01-10,11,267884,5,7.75,40003,6,6,1065.63,2025-01-10 10:38:42
2025-01-10,11,267887,5,7.75,40003,6,6,1065.63,2025-01-10 11:00:33
2025-01-10,11,267888,5,7.75,40003,6,6,1065.63,2025-01-10 11:12:23
2025-01-10,11,267889,5,7.75,40003,6,6,1065.63,2025-01-10 11:19:28
2025-01-10,11,267892,5,7.50,40003,6,6,1031.25,2025-01-10 11:51:29
2025-01-10,12,267894,5,8.50,40003,6,6,1151.75,2025-01-10 12:19:17
2025-01-10,12,267896,5,8.50,40003,6,6,1151.75,2025-01-10 12:42:31
2025-01-10,12,267897,5,8.00,40003,6,6,1084.00,2025-01-10 13:03:38
2025-01-10,13,267891,30,9.50,40003,6,6,1353.75,2025-01-10 11:45:11
2025-01-10,13,267899,30,9.50,40003,6,6,1353.75,2025-01-10 13:14:53
2025-01-10,13,267901,30,9.50,40003,6,6,1353.75,2025-01-10 14:46:27
2025-01-10,13,593299,30,9.25,40003,4,4,1318.13,2025-01-10 10:04:50
2025-01-10,13,593300,30,9.25,40003,4,4,1318.13,2025-01-10 10:18:39
2025-01-10,13,593303,30,9.25,40003,4,4,1318.13,2025-01-10 10:50:47
2025-01-10,13,593314,30,9.50,40003,4,4,1353.75,2025-01-10 13:01:12
2025-01-10,15,137341,1,2.50,40003,1,1,427.50,2025-01-10 09:18:58
2025-01-10,16,593304,204,9.50,40003,4,4,1287.25,2025-01-10 11:02:47
2025-01-10,16,593309,204,9.50,40003,4,4,1287.25,2025-01-10 12:04:38
2025-01-10,16,593316,204,4.50,40003,4,4,609.75,2025-01-10 13:38:13
2025-01-10,17,267902,4,8.50,40003,6,6,1168.75,2025-01-10 14:58:41
2025-01-10,17,267903,4,8.50,40003,6,6,1168.75,2025-01-10 15:03:19
2025-01-10,17,267904,4,8.50,40003,6,6,1168.75,2025-01-10 15:08:34
2025-01-10,17,267905,4,8.50,40003,6,6,1168.75,2025-01-10 15:13:51
2025-01-10,17,267906,4,8.50,40003,6,6,1168.75,2025-01-10 15:19:20
2025-01-10,18,267870,1,9.50,40003,6,6,1676.75,2025-01-10 09:02:47
2025-01-10,18,267872,1,9.25,40003,6,6,1632.63,2025-01-10 09:02:47
2025-01-10,18,267875,1,9.50,40003,6,6,1676.75,2025-01-10 09:17:23
2025-01-10,18,267878,1,9.50,40003,6,6,1676.75,2025-01-10 09:37:48
2025-01-10,18,267880,1,9.50,40003,6,6,1676.75,2025-01-10 09:47:51
2025-01-10,18,267882,1,6.25,40003,6,6,1103.13,2025-01-10 10:17:37
2025-01-10,18,267885,1,6.00,40003,6,6,1059.00,2025-01-10 10:47:52
2025-01-10,19,593292,1,9.50,40003,4,4,1515.25,2025-01-10 08:58:30
2025-01-10,19,593295,1,9.25,40003,4,4,1475.38,2025-01-10 09:24:38
2025-01-10,19,593297,1,9.25,40003,4,4,1475.38,2025-01-10 09:42:19
2025-01-10,19,593298,1,9.25,40003,4,4,1475.38,2025-01-10 09:44:04
2025-01-10,19,593307,1,3.50,40003,4,4,558.25,2025-01-10 11:43:49
2025-01-10,20,593328,1,9.75,40003,4,4,1394.25,2025-01-14 11:13:27
2025-01-10,21,267893,1,9.00,40003,6,6,1588.50,2025-01-10 12:07:37
2025-01-10,21,267895,1,9.00,40003,6,6,1588.50,2025-01-10 12:37:57
2025-01-10,22,593315,1,9.50,40003,4,4,1515.25,2025-01-10 13:34:29
2025-01-10,22,593320,1,9.25,40003,4,4,1475.38,2025-01-10 14:09:11
2025-01-10,22,593323,1,9.50,40003,4,4,1515.25,2025-01-10 14:29:45
2025-01-10,23,593293,1,4.00,40003,4,4,736.00,2025-01-10 09:29:41
2025-01-10,25,398095,1,1.50,40003,3,3,202.50,2025-01-10 07:16:24
2025-01-10,26,398104,1,9.00,40003,3,3,1593.00,2025-01-10 10:18:34
2025-01-10,27,398115,1,1.00,40003,3,3,185.00,2025-01-10 13:11:44
2025-01-10,28,398107,1,9.50,40003,3,3,1444.00,2025-01-10 11:30:59
2025-01-10,28,398109,1,9.50,40003,3,3,1444.00,2025-01-10 11:54:33
2025-01-10,28,398112,1,9.50,40003,3,3,1444.00,2025-01-10 12:13:20
2025-01-10,28,398116,1,6.00,40003,3,3,912.00,2025-01-10 13:18:39
2025-01-10,29,398110,1,5.00,40003,3,3,885.00,2025-01-10 12:02:03
2025-01-10,30,593321,1,9.25,40003,4,4,1322.75,2025-01-10 14:13:48
2025-01-10,30,593325,1,9.50,40003,4,4,1358.50,2025-01-10 14:44:08
2025-01-10,30,593327,1,9.25,40003,4,4,1322.75,2025-01-10 15:14:57
2025-01-10,30,593329,1,8.00,40003,4,4,1144.00,2025-01-10 17:02:40
2025-01-10,31,593296,1,7.00,40003,4,4,1120.00,2025-01-10 09:30:19
2025-01-10,33,593289,5,9.50,40003,4,4,1372.75,2025-01-10 08:03:00
2025-01-10,33,593290,5,9.50,40003,4,4,1372.75,2025-01-10 08:20:20
2025-01-10,33,593294,6,9.50,40003,4,4,1391.75,2025-01-10 09:18:00
2025-01-10,33,593308,6,8.00,40003,4,4,1172.00,2025-01-10 11:55:52
2025-01-10,34,593302,1,9.00,40003,4,4,1422.00,2025-01-10 10:40:26
2025-01-10,34,593305,1,9.00,40003,4,4,1422.00,2025-01-10 11:19:11
2025-01-10,35,398105,1,9.00,40003,3,3,1305.00,2025-01-10 11:03:10
2025-01-10,35,398106,1,9.00,40003,3,3,1305.00,2025-01-10 11:24:41
2025-01-10,35,398108,5,9.50,40003,3,3,1301.50,2025-01-10 11:36:27
2025-01-10,35,398111,5,9.50,40003,3,3,1301.50,2025-01-10 12:04:24
2025-01-10,35,398113,5,9.50,40003,3,3,1301.50,2025-01-10 12:30:56
2025-01-10,35,398114,5,9.50,40003,3,3,1301.50,2025-01-10 12:48:53
2025-01-10,35,398117,5,9.50,40003,3,3,1301.50,2025-01-10 13:28:41
2025-01-10,35,398120,5,9.50,40003,3,3,1301.50,2025-01-10 14:26:29
2025-01-10,35,398121,5,9.50,40003,3,3,1301.50,2025-01-10 14:40:37
2025-01-10,35,398122,5,9.50,40003,3,3,1301.50,2025-01-10 15:32:37
2025-01-10,36,137337,388,9.25,40003,1,1,1503.13,2025-01-10 08:18:13
2025-01-10,36,137338,388,9.25,40003,1,1,1503.13,2025-01-10 08:37:03
2025-01-10,36,137339,388,9.25,40003,1,1,1503.13,2025-01-10 08:52:51
2025-01-10,36,137340,388,9.25,40003,1,1,1503.13,2025-01-10 09:12:11
2025-01-10,36,137342,388,9.00,40003,1,1,1462.50,2025-01-10 09:30:20
2025-01-10,37,137347,3,3.00,40003,1,1,510.00,2025-01-10 12:17:46
2025-01-10,38,137343,1,9.50,40003,1,1,1467.75,2025-01-10 10:40:39
2025-01-10,38,137344,1,9.50,40003,1,1,1467.75,2025-01-10 11:03:35
2025-01-10,38,137345,1,9.50,40003,1,1,1467.75,2025-01-10 11:53:37
2025-01-10,38,137346,1,9.50,40003,1,1,1467.75,2025-01-10 12:08:22
2025-01-10,38,137349,1,9.50,40003,1,1,1467.75,2025-01-10 13:10:31
2025-01-10,41,398097,96,9.25,40003,3,3,1271.88,2025-01-10 08:25:35
2025-01-10,41,398098,96,9.25,40003,3,3,1271.88,2025-01-10 08:40:29
2025-01-10,41,398099,96,9.00,40003,3,3,1237.50,2025-01-10 08:55:34
2025-01-10,41,398101,96,9.00,40003,3,3,1237.50,2025-01-10 09:12:28
2025-01-10,41,398102,96,9.00,40003,3,3,1237.50,2025-01-10 09:23:53
2025-01-10,41,398103,96,9.00,40003,3,3,1237.50,2025-01-10 09:29:39
2025-01-10,42,593306,96,9.00,40003,4,4,1219.50,2025-01-13 14:32:12
2025-01-10,42,593310,96,9.00,40003,4,4,1219.50,2025-01-13 14:32:12
2025-01-10,42,593313,96,9.00,40003,4,4,1219.50,2025-01-13 14:32:12
2025-01-10,42,593317,96,9.00,40003,4,4,1219.50,2025-01-13 14:32:12
2025-01-10,43,398118,1,6.75,40003,3,3,914.63,2025-01-10 13:30:38
2025-01-10,43,398119,1,6.75,40003,3,3,914.63,2025-01-10 13:52:30
2025-01-10,44,267883,1,9.50,40003,6,6,1714.75,2025-01-10 10:54:26
2025-01-10,44,267886,1,9.50,40003,6,6,1714.75,2025-01-10 10:54:38
2025-01-10,44,267890,1,9.50,40003,6,6,1714.75,2025-01-10 11:26:11
2025-01-10,45,593311,1,9.50,40003,4,4,1710.00,2025-01-10 12:32:29
2025-01-10,45,593319,1,9.50,40003,4,4,1710.00,2025-01-10 13:55:31
2025-01-10,45,593324,1,9.50,40003,4,4,1710.00,2025-01-10 14:38:55
2025-01-10,46,137348,34,6.00,40003,1,1,972.00,2025-01-10 12:35:23
2025-01-10,47,593301,1,2.00,60003,44,44,61.00,2025-01-10 16:29:14
2025-01-10,48,267898,3,7.00,40003,6,6,1260.00,2025-01-10 13:05:39
2025-01-10,48,267900,3,7.00,40003,6,6,1260.00,2025-01-10 14:13:16
2025-01-10,49,267870B,1,9.50,40003,6,6,1629.25,2025-01-13 14:38:04
2025-01-13,1,398123,13,1.00,40003,3,3,292.00,2025-01-14 17:05:11
2025-01-13,1,398124,5,9.50,40003,3,3,1306.25,2025-01-14 17:05:11
2025-01-13,1,398125,5,9.50,40003,3,3,1306.25,2025-01-14 17:05:11
2025-01-13,1,398126,5,9.50,40003,3,3,1306.25,2025-01-14 17:05:11
2025-01-13,1,398127,5,9.50,40003,3,3,1306.25,2025-01-14 17:05:11
2025-01-13,1,398128,5,9.50,40003,3,3,1306.25,2025-01-14 17:05:11
2025-01-13,1,398129,5,9.50,40003,3,3,1306.25,2025-01-14 17:05:11
2025-01-13,1,398130,5,9.00,40003,3,3,1237.50,2025-01-14 17:05:11
2025-01-13,1,398131,5,9.00,40003,3,3,1237.50,2025-01-14 17:05:11
2025-01-13,1,398132,5,9.50,40003,3,3,1306.25,2025-01-14 17:05:11
2025-01-13,1,398133,5,9.50,40003,3,3,1306.25,2025-01-14 17:05:11
2025-01-13,1,398134,5,9.50,40003,3,3,1306.25,2025-01-14 17:05:11
2025-01-13,1,398135,5,9.50,40003,3,3,1306.25,2025-01-14 17:05:11
2025-01-13,1,398136,5,9.50,40003,3,3,1306.25,2025-01-14 17:05:11
2025-01-13,1,398137,5,9.50,40003,3,3,1306.25,2025-01-14 17:05:11
2025-01-13,1,398138,5,9.50,40003,3,3,1306.25,2025-01-14 17:05:11
2025-01-13,1,398139,5,9.50,40003,3,3,1306.25,2025-01-14 17:05:11
2025-01-13,1,398140,5,9.00,40003,3,3,1237.50,2025-01-14 17:05:12
2025-01-13,1,398141,5,9.50,40003,3,3,1306.25,2025-01-14 17:05:12
2025-01-13,1,398142,5,9.50,40003,3,3,1306.25,2025-01-14 17:05:12
2025-01-13,1,398143,5,9.50,40003,3,3,1306.25,2025-01-14 17:05:12
2025-01-13,1,398144,5,9.50,40003,3,3,1306.25,2025-01-14 17:05:12
2025-01-13,1,398145,5,9.50,40003,3,3,1306.25,2025-01-14 17:05:12
2025-01-13,1,398147,5,9.50,40003,3,3,1306.25,2025-01-14 17:05:12
2025-01-13,1,398149,5,9.50,40003,3,3,1306.25,2025-01-14 17:05:12
2025-01-13,1,398150,5,9.25,40003,3,3,1271.88,2025-01-14 17:05:12
2025-01-13,1,398152,5,9.50,40003,3,3,1306.25,2025-01-14 17:05:12
2025-01-13,1,398153,5,9.50,40003,3,3,1306.25,2025-01-14 17:05:12
2025-01-13,1,398154,5,9.50,40003,3,3,1306.25,2025-01-14 17:05:12
2025-01-13,1,398155,5,9.50,40003,3,3,1306.25,2025-01-14 17:05:12
2025-01-13,1,398156,5,9.50,40003,3,3,1306.25,2025-01-14 17:05:12
2025-01-13,1,398159,5,9.50,40003,3,3,1306.25,2025-01-14 17:05:12
2025-01-13,1,398160,5,9.00,40003,3,3,1237.50,2025-01-14 17:05:12
2025-01-13,1,398161,5,9.00,40003,3,3,1237.50,2025-01-14 17:05:12
2025-01-13,1,398162,5,9.50,40003,3,3,1306.25,2025-01-14 17:05:12
2025-01-13,2,593334,1,8.00,40003,4,4,1496.00,2025-01-13 08:03:31
2025-01-13,2,593344,1,8.00,40003,4,4,1496.00,2025-01-13 08:47:32
2025-01-13,3,137350,16,9.50,40003,1,1,1434.50,2025-01-13 06:31:03
2025-01-13,3,137353,16,9.50,40003,1,1,1434.50,2025-01-13 07:00:42
2025-01-13,3,137354,16,9.50,40003,1,1,1434.50,2025-01-13 07:21:36
2025-01-13,3,137355,16,9.50,40003,1,1,1434.50,2025-01-13 07:43:16
2025-01-13,3,137356,16,9.50,40003,1,1,1434.50,2025-01-13 08:06:43
2025-01-13,3,137362,16,6.00,40003,1,1,906.00,2025-01-13 10:57:25
2025-01-13,4,398146,1,9.25,40003,3,3,1637.25,2025-01-13 07:56:18
2025-01-13,4,398157,1,6.25,40003,3,3,1106.25,2025-01-13 09:58:46
2025-01-13,5,398167,1,9.50,40003,3,3,1444.00,2025-01-13 11:22:49
2025-01-13,5,398170,1,9.50,40003,3,3,1444.00,2025-01-13 12:32:14
2025-01-13,6,398148,1,9.50,40003,3,3,1396.50,2025-01-13 08:08:36
2025-01-13,8,137352,1,9.50,40003,1,1,1615.00,2025-01-13 10:39:22
2025-01-13,8,137352,4,1.00,80001,1,1,100.00,2025-01-13 10:39:22
2025-01-13,9,593336,204,7.50,40003,4,4,1057.50,2025-01-13 08:15:26
2025-01-13,9,593342,204,7.50,40003,4,4,1057.50,2025-01-13 08:41:33
2025-01-13,9,593349,204,7.50,40003,4,4,1057.50,2025-01-13 09:14:32
2025-01-13,9,593353,204,7.50,40003,4,4,1057.50,2025-01-13 09:36:01
2025-01-13,10,593364,204,10.00,40003,4,4,1430.00,2025-01-13 10:44:21
2025-01-13,10,593370,204,10.00,40003,4,4,1430.00,2025-01-13 11:13:07
2025-01-13,12,593332,1,8.00,40003,4,4,1308.00,2025-01-13 07:51:13
2025-01-13,12,593338,1,8.00,40003,4,4,1308.00,2025-01-13 08:23:56
2025-01-13,12,593346,1,8.00,40003,4,4,1308.00,2025-01-13 09:00:36
2025-01-13,12,593350,1,8.00,40003,4,4,1308.00,2025-01-13 09:32:04
2025-01-13,12,593352,1,8.00,40003,4,4,1308.00,2025-01-13 09:34:44
2025-01-13,12,593356,1,8.00,40003,4,4,1308.00,2025-01-13 09:51:55
2025-01-13,12,593359,1,8.00,40003,4,4,1308.00,2025-01-13 10:15:11
2025-01-13,12,593363,1,8.00,40003,4,4,1308.00,2025-01-13 10:42:05
2025-01-13,12,593375,1,8.00,40003,4,4,1308.00,2025-01-13 11:36:10
2025-01-13,12,593378,1,8.00,40003,4,4,1308.00,2025-01-13 11:47:29
2025-01-13,12,593382,1,8.00,40003,4,4,1308.00,2025-01-13 12:08:41
2025-01-13,12,593385,1,8.00,40003,4,4,1308.00,2025-01-13 12:25:04
2025-01-13,12,593389,1,8.00,40003,4,4,1308.00,2025-01-13 12:47:23
2025-01-13,13,593357,5,9.25,40003,4,4,1378.25,2025-01-13 10:00:47
2025-01-13,13,593362,5,9.50,40003,4,4,1415.50,2025-01-13 10:30:53
2025-01-13,13,593366,5,9.25,40003,4,4,1378.25,2025-01-13 10:55:54
2025-01-13,13,593368,5,9.25,40003,4,4,1378.25,2025-01-13 11:05:16
2025-01-13,13,593374,5,9.25,40003,4,4,1378.25,2025-01-13 11:34:16
2025-01-13,13,593386,5,9.25,40003,4,4,1378.25,2025-01-13 12:28:39
2025-01-13,13,593390,5,9.25,40003,4,4,1378.25,2025-01-13 12:48:37
2025-01-13,14,593333,20,9.50,40003,4,4,1401.25,2025-01-13 07:58:20
2025-01-13,14,593339,20,9.50,40003,4,4,1401.25,2025-01-13 08:24:53
2025-01-13,14,593347,20,9.50,40003,4,4,1401.25,2025-01-13 09:04:04
2025-01-13,14,593351,20,9.25,40003,4,4,1364.38,2025-01-13 09:32:17
2025-01-13,14,593355,20,9.50,40003,4,4,1401.25,2025-01-13 09:47:58
2025-01-13,14,593360,20,9.50,40003,4,4,1401.25,2025-01-13 10:15:41
2025-01-13,15,593341,61,9.50,40003,4,4,1467.75,2025-01-13 08:32:29
2025-01-13,15,593371,61,6.50,40003,4,4,1004.25,2025-01-13 11:15:24
2025-01-13,16,593395,1,7.00,40003,4,4,1106.00,2025-01-13 13:59:30
2025-01-13,18,593369,1,9.25,40003,4,4,1322.75,2025-01-14 11:10:39
2025-01-13,18,593376,1,9.25,40003,4,4,1322.75,2025-01-14 11:10:39
2025-01-13,18,593380,1,9.25,40003,4,4,1322.75,2025-01-14 11:10:39
2025-01-13,18,593384,1,9.50,40003,4,4,1358.50,2025-01-14 11:10:39
2025-01-13,18,593388,1,9.25,40003,4,4,1322.75,2025-01-14 11:10:39
2025-01-13,18,593391,1,9.50,40003,4,4,1358.50,2025-01-14 11:10:39
2025-01-13,18,593393,1,9.50,40003,4,4,1358.50,2025-01-14 11:10:39
2025-01-13,18,593394,1,9.50,40003,4,4,1358.50,2025-01-14 11:10:39
2025-01-13,18,593402,1,9.50,40003,4,4,1358.50,2025-01-14 11:10:39
2025-01-13,18,593403,1,9.50,40003,4,4,1358.50,2025-01-14 11:10:39
2025-01-13,18,593404,1,9.50,40003,4,4,1358.50,2025-01-14 11:10:39
2025-01-13,18,593405,1,9.50,40003,4,4,1358.50,2025-01-14 11:10:39
2025-01-13,21,593396,14,9.25,40003,4,4,1322.75,2025-01-13 14:08:59
2025-01-13,21,593401,14,2.00,40003,4,4,286.00,2025-01-13 15:06:25
2025-01-13,23,593365,1,7.00,40003,4,4,1183.00,2025-01-13 10:46:31
2025-01-13,23,593381,1,7.50,40003,4,4,1267.50,2025-01-13 12:04:53
2025-01-13,24,267907,1,9.50,40003,6,6,1710.00,2025-01-13 06:38:31
2025-01-13,24,267908,1,9.50,40003,6,6,1710.00,2025-01-13 07:00:22
2025-01-13,24,267910,1,9.50,40003,6,6,1710.00,2025-01-13 07:20:53
2025-01-13,26,267915,1,8.25,40003,6,6,1163.25,2025-01-13 08:20:50
2025-01-13,26,267916,1,8.25,40003,6,6,1163.25,2025-01-13 08:41:23
2025-01-13,26,267919,18,9.50,40003,6,6,1358.50,2025-01-13 09:34:14
2025-01-13,26,267925,18,3.50,40003,6,6,500.50,2025-01-13 10:41:40
2025-01-13,27,593330,1,9.50,40003,4,4,1372.75,2025-01-13 06:15:32
2025-01-13,27,593337,5,9.50,40003,4,4,1391.75,2025-01-13 08:18:08
2025-01-13,27,593345,5,9.25,40003,4,4,1355.13,2025-01-13 09:02:26
2025-01-13,29,267913,36,9.50,40003,6,6,1372.75,2025-01-13 07:53:33
2025-01-13,29,267914,36,9.50,40003,6,6,1372.75,2025-01-13 08:08:27
2025-01-13,29,267918,36,9.50,40003,6,6,1372.75,2025-01-13 09:14:32
2025-01-13,29,267920,37,9.50,40003,6,6,1391.75,2025-01-13 09:39:58
2025-01-13,29,267924,37,9.50,40003,6,6,1391.75,2025-01-13 10:22:45
2025-01-13,29,267929,37,9.50,40003,6,6,1391.75,2025-01-13 11:05:12
2025-01-13,29,267932,37,9.50,40003,6,6,1391.75,2025-01-13 11:44:20
2025-01-13,29,267934,37,9.50,40003,6,6,1391.75,2025-01-13 12:16:47
2025-01-13,29,267937,37,8.00,40003,6,6,1172.00,2025-01-13 13:13:30
2025-01-13,30,267926,4,9.00,40003,6,6,1219.50,2025-01-13 10:51:55
2025-01-13,30,267928,4,9.00,40003,6,6,1219.50,2025-01-13 11:26:10
2025-01-13,30,267930,4,9.00,40003,6,6,1219.50,2025-01-13 11:12:49
2025-01-13,30,267935,4,9.00,40003,6,6,1219.50,2025-01-13 12:31:08
2025-01-13,30,267936,4,9.00,40003,6,6,1219.50,2025-01-13 12:36:55
2025-01-13,30,267938,4,9.00,40003,6,6,1219.50,2025-01-13 13:22:51
2025-01-13,30,267940,4,9.00,40003,6,6,1219.50,2025-01-13 14:37:26
2025-01-13,30,267941,4,7.00,40003,6,6,948.50,2025-01-13 15:06:34
2025-01-13,30,593383,4,9.00,40003,4,4,1219.50,2025-01-13 12:14:27
2025-01-13,30,593387,4,9.00,40003,4,4,1219.50,2025-01-13 12:29:48
2025-01-13,31,137351,3,3.00,40003,1,1,499.50,2025-01-13 06:39:56
2025-01-13,33,593373,1,3.00,40003,4,4,490.50,2025-01-13 11:25:45
2025-01-13,34,137357,388,9.50,40003,1,1,1581.75,2025-01-13 09:21:51
2025-01-13,34,137359,388,9.50,40003,1,1,1581.75,2025-01-13 09:47:24
2025-01-13,34,398168,388,6.00,40003,3,3,999.00,2025-01-13 11:57:36
2025-01-13,35,137358,388,7.00,40003,1,1,1165.50,2025-01-13 09:39:59
2025-01-13,35,137360,388,7.00,40003,1,1,1165.50,2025-01-13 09:54:58
2025-01-13,35,137363,388,7.00,40003,1,1,1165.50,2025-01-13 11:22:52
2025-01-13,36,267909,1,9.50,40003,6,6,1491.50,2025-01-13 07:05:18
2025-01-13,36,267911,1,9.50,40003,6,6,1491.50,2025-01-13 07:26:04
2025-01-13,36,267912,1,9.25,40003,6,6,1452.25,2025-01-13 07:43:55
2025-01-13,36,267922,1,7.00,40003,6,6,1099.00,2025-01-13 10:13:26
2025-01-13,37,398164,1,3.50,40003,3,3,635.25,2025-01-13 10:59:36
2025-01-13,38,593331,18,9.00,40003,4,4,1314.00,2025-01-13 07:01:42
2025-01-13,38,593335,18,9.00,40003,4,4,1314.00,2025-01-13 08:10:23
2025-01-13,38,593340,18,9.00,40003,4,4,1314.00,2025-01-13 08:30:42
2025-01-13,38,593343,18,9.00,40003,4,4,1314.00,2025-01-13 08:43:20
2025-01-13,38,593348,18,9.00,40003,4,4,1314.00,2025-01-13 09:08:16
2025-01-13,38,593354,18,9.00,40003,4,4,1314.00,2025-01-13 09:39:53
2025-01-13,38,593358,18,9.00,40003,4,4,1314.00,2025-01-13 10:04:49
2025-01-13,38,593361,18,9.00,40003,4,4,1314.00,2025-01-13 10:20:50
2025-01-13,38,593367,18,8.00,40003,4,4,1168.00,2025-01-13 10:58:33
2025-01-13,40,267917,1,8.50,40003,6,6,1300.50,2025-01-13 08:58:43
2025-01-13,41,593397,204,9.25,40003,4,4,1271.88,2025-01-13 14:12:51
2025-01-13,41,593398,204,9.50,40003,4,4,1306.25,2025-01-13 14:30:08
2025-01-13,41,593399,204,9.50,40003,4,4,1306.25,2025-01-13 14:45:34
2025-01-13,41,593400,204,9.50,40003,4,4,1306.25,2025-01-13 15:00:17
2025-01-13,41,593406,204,4.00,40003,4,4,550.00,2025-01-13 16:00:42
2025-01-13,42,593377,1,9.50,40003,4,4,1548.50,2025-01-13 11:44:51
2025-01-13,43,398151,1,9.00,40003,3,3,1503.00,2025-01-13 08:35:03
2025-01-13,43,398158,1,8.00,40003,3,3,1336.00,2025-01-13 10:00:54
2025-01-13,44,267923,1,2.00,40003,6,6,357.00,2025-01-13 10:15:56
2025-01-13,45,593379,62,9.50,40003,4,4,1567.50,2025-01-13 11:55:03
2025-01-13,46,267927,3,4.00,40003,6,6,720.00,2025-01-13 10:56:33
2025-01-13,46,267939,7,4.50,40003,6,6,810.00,2025-01-13 13:29:52
2025-01-13,47,137361,1,2.00,40003,1,1,382.00,2025-01-13 10:24:08
2025-01-13,48,267921,1,9.25,40003,6,6,1498.50,2025-01-13 10:11:48
2025-01-13,48,267933,1,4.50,40003,6,6,729.00,2025-01-13 11:59:08
2025-01-13,49,398165,1,9.50,40003,3,3,1349.00,2025-01-13 11:10:35
2025-01-13,50,137364,1,4.50,40003,1,1,803.25,2025-01-13 11:53:45
2025-01-13,51,398163,1,4.50,40003,3,3,810.00,2025-01-13 10:48:59
2025-01-13,52,267931,1,2.00,40003,6,6,292.00,2025-01-13 11:32:41
2025-01-13,53,398166,1,1.00,40003,3,3,145.00,2025-01-13 11:17:31
2025-01-13,54,593372,1,9.75,40003,4,4,1560.00,2025-01-13 11:16:42
2025-01-13,55,398169,1,8.00,40003,3,3,1184.00,2025-01-13 11:59:37
2025-01-13,57,593392,1,4.00,40003,4,4,652.00,2025-01-13 13:01:07
2025-01-13,58,450875,1,7.00,60003,40,40,266.00,2025-01-13 12:13:52
2025-01-13,59,450876,1,2.00,60003,40,40,55.00,2025-01-13 12:45:50
2025-01-13,60,378130B,1,9.00,40003,3,3,1606.50,2025-01-14 09:53:43
2025-01-13,60,378132B,1,9.50,40003,3,3,1695.75,2025-01-14 09:53:43
2025-01-14,2,137367,16,9.50,40003,1,1,1410.75,2025-01-14 12:18:05
2025-01-14,2,137368,16,9.50,40003,1,1,1410.75,2025-01-14 12:23:11
2025-01-14,2,137369,16,9.50,40003,1,1,1410.75,2025-01-14 12:33:46
2025-01-14,2,137370,16,9.50,40003,1,1,1410.75,2025-01-14 12:37:13
2025-01-14,2,137371,16,9.50,40003,1,1,1410.75,2025-01-14 14:05:40
2025-01-14,3,593408,1,9.50,40003,4,4,1529.50,2025-01-14 07:17:40
2025-01-14,3,593411,1,9.50,40003,4,4,1529.50,2025-01-14 07:57:31
2025-01-14,3,593414,1,9.50,40003,4,4,1529.50,2025-01-14 08:35:57
2025-01-14,3,593416,1,9.25,40003,4,4,1489.25,2025-01-14 09:15:46
2025-01-14,3,593418,1,9.25,40003,4,4,1489.25,2025-01-14 09:51:56
2025-01-14,5,137366,1,4.00,40003,1,1,716.00,2025-01-14 09:21:21
2025-01-14,6,267942,1,9.50,40003,6,6,1676.75,2025-01-14 07:36:36
2025-01-14,6,267943,1,9.50,40003,6,6,1676.75,2025-01-14 08:02:16
2025-01-14,6,267945,1,9.50,40003,6,6,1676.75,2025-01-14 08:15:29
2025-01-14,6,267948,1,9.50,40003,6,6,1676.75,2025-01-14 08:32:20
2025-01-14,10,267955,4,1.00,40003,6,6,309.00,2025-01-16 10:02:56
2025-01-14,10,267956,2,6.00,40003,6,6,1170.00,2025-01-16 10:02:56
2025-01-14,10,267958,2,6.00,40003,6,6,1170.00,2025-01-16 10:02:56
2025-01-14,12,267953,5,9.50,40003,6,6,1306.25,2025-01-14 11:04:54
2025-01-14,13,593409,1,9.50,40003,4,4,1372.75,2025-01-14 07:39:24
2025-01-14,13,593410,1,9.50,40003,4,4,1372.75,2025-01-14 07:52:15
2025-01-14,13,593412,5,9.25,40003,4,4,1355.13,2025-01-14 08:06:41
2025-01-14,13,593417,5,9.50,40003,4,4,1391.75,2025-01-14 09:45:59
2025-01-14,16,593407,1,3.00,40003,4,4,504.00,2025-01-16 10:01:22
2025-01-14,17,593413,62,6.00,40003,4,4,990.00,2025-01-14 08:13:35
2025-01-14,18,398171,1,9.50,40003,3,3,1349.00,2025-01-14 06:40:11
2025-01-14,18,398172,1,9.50,40003,3,3,1349.00,2025-01-14 06:58:06
2025-01-14,18,398173,1,9.50,40003,3,3,1349.00,2025-01-14 08:47:28
2025-01-14,19,267947,5,5.50,40003,6,6,775.50,2025-01-14 08:32:05
2025-01-14,19,267949,5,5.50,40003,6,6,775.50,2025-01-14 08:53:41
2025-01-14,19,267950,19,9.50,40003,6,6,1358.50,2025-01-14 09:05:29
2025-01-14,20,593421,1,2.00,40003,4,4,328.00,2025-01-15 08:59:24
2025-01-14,21,267951,25,6.50,40003,6,6,1007.50,2025-01-16 12:02:32
2025-01-14,22,398174,1,9.50,40003,3,3,1349.00,2025-01-14 09:44:08
2025-01-14,22,398176,1,9.50,40003,3,3,1349.00,2025-01-14 10:09:44
2025-01-14,22,398177,1,9.50,40003,3,3,1349.00,2025-01-14 10:36:52
2025-01-14,22,398179,1,9.50,40003,3,3,1349.00,2025-01-14 11:18:51
2025-01-14,22,398180,1,9.50,40003,3,3,1349.00,2025-01-14 11:50:10
2025-01-14,22,398181,1,9.50,40003,3,3,1349.00,2025-01-14 12:27:16
2025-01-14,22,398182,1,9.50,40003,3,3,1349.00,2025-01-14 12:48:20
2025-01-14,22,398183,1,9.50,40003,3,3,1349.00,2025-01-14 13:13:13
2025-01-14,23,267944,1,6.00,40003,6,6,828.00,2025-01-14 08:04:52
2025-01-14,23,267946,1,6.00,40003,6,6,828.00,2025-01-14 08:23:44
2025-01-14,24,593420,204,9.25,40003,4,4,1271.88,2025-01-14 11:31:18
2025-01-14,24,593422,204,3.00,40003,4,4,412.50,2025-01-14 12:47:01
2025-01-14,24,593423,204,3.00,40003,4,4,412.50,2025-01-14 12:47:29
2025-01-14,25,267960,4,9.50,40003,6,6,1306.25,2025-01-14 14:11:25
2025-01-14,25,267962,4,9.50,40003,6,6,1306.25,2025-01-14 14:20:46
2025-01-14,25,267963,4,9.25,40003,6,6,1271.88,2025-01-14 14:26:20
2025-01-14,25,267964,4,6.50,40003,6,6,893.75,2025-01-14 15:43:45
2025-01-14,28,593415,1,6.00,40003,4,4,960.00,2025-01-14 08:57:30
2025-01-14,29,593419,6,9.50,40003,4,4,1358.50,2025-01-14 10:15:50
2025-01-14,31,137365,1,3.00,40003,1,1,510.00,2025-01-14 09:17:56
2025-01-14,32,398178,1,4.00,40003,3,3,680.00,2025-01-14 11:08:11
2025-01-14,33,450877,1,6.00,60003,40,40,240.00,2025-01-14 09:39:56
2025-01-14,34,398175,1,2.00,40003,3,3,340.00,2025-01-14 09:57:50
2025-01-14,36,450878,1,12.00,80001,40,40,360.00,2025-01-14 10:15:26
2025-01-14,37,267952,5,9.25,40003,6,6,1475.38,2025-01-14 10:24:13
2025-01-14,37,267957,5,4.50,40003,6,6,717.75,2025-01-14 11:31:56
2025-01-14,38,267954,3,4.00,40003,6,6,720.00,2025-01-14 11:21:30
2025-01-14,38,267961,7,5.00,40003,6,6,900.00,2025-01-14 14:13:20
2025-01-14,40,267959,1,2.00,40003,6,6,351.00,2025-01-14 13:32:35
2025-01-15,1,593428,8,9.00,40003,4,4,1413.00,2025-01-15 07:13:17
2025-01-15,1,593431,8,9.00,40003,4,4,1413.00,2025-01-15 07:31:09
2025-01-15,1,593434,8,9.00,40003,4,4,1413.00,2025-01-15 07:49:46
2025-01-15,1,593437,8,9.00,40003,4,4,1413.00,2025-01-15 08:12:37
2025-01-15,1,593439,8,9.00,40003,4,4,1413.00,2025-01-15 08:36:58
2025-01-15,1,593442,8,9.00,40003,4,4,1413.00,2025-01-15 08:59:56
2025-01-15,1,593445,8,9.00,40003,4,4,1413.00,2025-01-15 09:30:30
2025-01-15,1,593446,8,9.00,40003,4,4,1413.00,2025-01-15 10:03:48
2025-01-15,2,593453,1,9.50,40003,4,4,1396.50,2025-01-15 13:57:12
2025-01-15,2,593454,1,9.25,40003,4,4,1359.75,2025-01-15 14:21:42
2025-01-15,4,137383,1,7.50,40003,1,1,1158.75,2025-01-15 13:29:40
2025-01-15,4,137384,1,7.50,40003,1,1,1158.75,2025-01-15 13:34:53
2025-01-15,4,137385,1,7.50,40003,1,1,1158.75,2025-01-15 13:42:34
2025-01-15,4,137386,1,7.50,40003,1,1,1158.75,2025-01-15 14:35:35
2025-01-15,5,137376,1,4.00,40003,1,1,716.00,2025-01-15 09:55:21
2025-01-15,6,593424,1,9.50,40003,4,4,1558.00,2025-01-15 06:20:37
2025-01-15,6,593430,1,9.50,40003,4,4,1558.00,2025-01-15 07:24:06
2025-01-15,7,267968,1,9.00,40003,6,6,1404.00,2025-01-15 09:28:13
2025-01-15,7,267968,6,36.00,80001,6,6,144.00,2025-01-15 09:28:13
2025-01-15,7,267970,1,9.00,40003,6,6,1404.00,2025-01-15 09:57:39
2025-01-15,7,267971,1,9.00,40003,6,6,1404.00,2025-01-15 10:29:15
2025-01-15,7,267972,1,9.00,40003,6,6,1404.00,2025-01-15 10:57:24
2025-01-15,7,267973,1,9.00,40003,6,6,1404.00,2025-01-15 11:25:16
2025-01-15,7,267976,1,9.00,40003,6,6,1404.00,2025-01-15 11:53:33
2025-01-15,7,267979,1,9.00,40003,6,6,1404.00,2025-01-15 12:21:18
2025-01-15,7,267982,1,9.00,40003,6,6,1404.00,2025-01-15 12:52:19
2025-01-15,7,267984,1,9.00,40003,6,6,1404.00,2025-01-15 13:18:01
2025-01-15,8,398188,1,4.00,40003,3,3,708.00,2025-01-15 13:16:14
2025-01-15,10,267965,1,8.00,40003,6,6,1128.00,2025-01-15 08:50:06
2025-01-15,10,267966,1,5.50,40003,6,6,775.50,2025-01-15 09:05:14
2025-01-15,10,267967,18,9.50,40003,6,6,1358.50,2025-01-15 09:14:14
2025-01-15,11,267977,4,1.00,40003,6,6,309.00,2025-01-16 11:57:41
2025-01-15,11,267978,2,9.00,40003,6,6,1755.00,2025-01-16 11:57:41
2025-01-15,12,267974,3,4.00,40003,6,6,720.00,2025-01-15 11:31:29
2025-01-15,12,267985,5,4.00,40003,6,6,720.00,2025-01-15 14:04:03
2025-01-15,13,137379,16,7.50,40003,1,1,1113.75,2025-01-15 12:20:22
2025-01-15,13,137381,16,7.25,40003,1,1,1076.63,2025-01-15 12:34:09
2025-01-15,13,137382,16,7.25,40003,1,1,1076.63,2025-01-15 12:38:19
2025-01-15,14,593448,1,7.00,40003,4,4,1197.00,2025-01-15 11:09:39
2025-01-15,15,137380,1,8.00,40003,1,1,1372.00,2025-01-15 15:24:35
2025-01-15,15,137380,2,1.00,80001,1,1,100.00,2025-01-15 15:24:35
2025-01-15,17,593456,6,7.50,40003,4,4,1072.50,2025-01-15 14:39:42
2025-01-15,17,593457,6,7.50,40003,4,4,1072.50,2025-01-15 14:42:57
2025-01-15,17,593458,6,7.00,40003,4,4,1001.00,2025-01-15 15:27:48
2025-01-15,19,593451,1,9.50,40003,4,4,1643.50,2025-01-15 13:14:27
2025-01-15,19,593459,1,4.00,40003,4,4,692.00,2025-01-15 15:46:11
2025-01-15,21,267969,1,1.00,40003,6,6,187.50,2025-01-15 09:28:26
2025-01-15,22,137372,1,9.00,40003,1,1,1539.00,2025-01-15 07:35:17
2025-01-15,22,137375,2,9.00,40003,1,1,1539.00,2025-01-15 09:31:16
2025-01-15,22,137377,3,9.00,40003,1,1,1539.00,2025-01-15 11:30:29
2025-01-15,24,137373,1,9.00,40003,1,1,1539.00,2025-01-15 07:42:11
2025-01-15,24,137374,1,9.00,40003,1,1,1539.00,2025-01-15 08:37:38
2025-01-15,25,593433,1,6.00,40003,4,4,1008.00,2025-01-16 10:49:25
2025-01-15,27,137378,1,2.25,40003,1,1,389.25,2025-01-15 12:08:51
2025-01-15,30,593425,18,9.50,40003,4,4,1387.00,2025-01-16 08:30:49
2025-01-15,30,593426,18,9.50,40003,4,4,1387.00,2025-01-16 08:30:49
2025-01-15,30,593427,18,9.50,40003,4,4,1387.00,2025-01-16 08:30:49
2025-01-15,30,593429,18,9.50,40003,4,4,1387.00,2025-01-16 08:30:49
2025-01-15,30,593432,18,9.50,40003,4,4,1387.00,2025-01-16 08:30:49
2025-01-15,30,593436,18,9.50,40003,4,4,1387.00,2025-01-16 08:30:49
2025-01-15,30,593438,18,9.25,40003,4,4,1350.50,2025-01-16 08:30:49
2025-01-15,30,593440,18,9.50,40003,4,4,1387.00,2025-01-16 08:30:49
2025-01-15,30,593441,18,9.50,40003,4,4,1387.00,2025-01-16 08:30:49
2025-01-15,30,593443,18,9.25,40003,4,4,1350.50,2025-01-16 08:30:49
2025-01-15,30,593444,18,9.50,40003,4,4,1387.00,2025-01-16 08:30:49
2025-01-15,30,593447,18,4.00,40003,4,4,584.00,2025-01-16 08:30:49
2025-01-15,31,593435,1,8.00,40003,4,4,1428.00,2025-01-15 10:35:55
2025-01-15,31,593450,2,3.00,40003,4,4,535.50,2025-01-15 13:07:06
2025-01-15,31,593455,2,1.50,40003,4,4,267.75,2025-01-15 14:30:02
2025-01-15,32,267980,1,9.50,40003,6,6,1714.75,2025-01-15 12:27:36
2025-01-15,32,267981,1,9.50,40003,6,6,1714.75,2025-01-15 12:47:04
2025-01-15,32,267983,1,8.50,40003,6,6,1534.25,2025-01-15 13:09:00
2025-01-15,32,267986,1,3.00,40003,6,6,541.50,2025-01-15 14:07:46
2025-01-15,33,593449,1,2.00,40003,4,4,370.00,2025-01-15 12:03:25
2025-01-15,34,267975,1,2.00,40003,6,6,368.00,2025-01-15 11:36:29
2025-01-15,35,398185,1,9.50,40003,3,3,1216.00,2025-01-15 12:25:08
2025-01-15,35,398186,1,9.50,40003,3,3,1216.00,2025-01-15 12:39:14
2025-01-15,35,398187,1,9.50,40003,3,3,1216.00,2025-01-15 12:50:23
2025-01-15,35,398189,1,9.50,40003,3,3,1216.00,2025-01-15 13:57:35
2025-01-15,36,593452,1,21.00,60003,44,44,756.00,2025-01-16 14:59:45
2025-01-15,37,398184,1,9.50,40003,3,3,1444.00,2025-01-15 12:19:16
2025-01-15,38,011525,1,1.00,90005,44,44,50.00,2025-01-24 14:47:46
2025-01-15,39,10243,1,1.00,90005,40,40,34.50,2025-02-05 11:37:45
2025-01-15,39,10243,2,4.00,90005,40,40,282.00,2025-02-05 11:37:45
2025-01-16,3,593480,11,8.00,40003,4,4,1264.00,2025-01-16 09:27:08
2025-01-16,3,593484,11,8.00,40003,4,4,1264.00,2025-01-16 09:56:02
2025-01-16,3,593487,11,8.00,40003,4,4,1264.00,2025-01-16 10:32:35
2025-01-16,3,593491,11,8.00,40003,4,4,1264.00,2025-01-16 11:14:26
2025-01-16,3,593500,11,8.00,40003,4,4,1264.00,2025-01-16 12:10:07
2025-01-16,4,268002,1,9.00,40003,6,6,1404.00,2025-01-16 10:41:41
2025-01-16,4,268006,1,9.00,40003,6,6,1404.00,2025-01-16 10:42:42
2025-01-16,4,268007,1,9.00,40003,6,6,1404.00,2025-01-16 11:09:28
2025-01-16,4,268010,1,9.00,40003,6,6,1404.00,2025-01-16 11:36:16
2025-01-16,4,268012,1,9.00,40003,6,6,1404.00,2025-01-16 12:09:24
2025-01-16,4,268015,1,9.00,40003,6,6,1404.00,2025-01-16 12:36:44
2025-01-16,4,268019,1,9.00,40003,6,6,1404.00,2025-01-16 13:05:18
2025-01-16,4,268023,1,9.00,40003,6,6,1404.00,2025-01-16 13:37:02
2025-01-16,4,268024,1,9.00,40003,6,6,1404.00,2025-01-16 13:59:01
2025-01-16,8,267990,104,9.50,40003,6,6,1543.75,2025-01-16 07:56:50
2025-01-16,8,267991,104,9.50,40003,6,6,1543.75,2025-01-16 08:17:20
2025-01-16,8,267994,104,9.50,40003,6,6,1543.75,2025-01-16 08:39:04
2025-01-16,8,267999,104,9.25,40003,6,6,1503.13,2025-01-16 09:08:47
2025-01-16,8,268001,104,9.50,40003,6,6,1543.75,2025-01-16 09:40:50
2025-01-16,11,137387,1,9.00,40003,1,1,1539.00,2025-01-16 07:31:39
2025-01-16,11,137389,2,9.00,40003,1,1,1539.00,2025-01-16 09:27:20
2025-01-16,12,398190,1,9.50,40003,3,3,1714.75,2025-01-16 07:24:14
2025-01-16,15,137388,1,3.00,40003,1,1,514.50,2025-01-16 08:33:32
2025-01-16,16,267997,25,5.50,40003,6,6,852.50,2025-01-17 08:02:27
2025-01-16,18,267993,5,9.50,40003,6,6,1339.50,2025-01-16 08:32:30
2025-01-16,18,267995,20,9.50,40003,6,6,1358.50,2025-01-16 08:48:52
2025-01-16,19,267992,1,8.50,40003,6,6,1198.50,2025-01-16 08:27:15
2025-01-16,19,267996,1,8.50,40003,6,6,1198.50,2025-01-16 08:51:29
2025-01-16,19,267998,18,9.50,40003,6,6,1358.50,2025-01-16 09:01:17
2025-01-16,20,398194,1,9.00,40003,3,3,1593.00,2025-01-16 09:31:06
2025-01-16,23,593462,61,9.50,40003,4,4,1372.75,2025-01-16 07:49:26
2025-01-16,23,593468,61,9.50,40003,4,4,1372.75,2025-01-16 08:25:55
2025-01-16,23,593473,60,9.25,40003,4,4,1355.13,2025-01-16 08:54:27
2025-01-16,23,593481,60,9.50,40003,4,4,1391.75,2025-01-16 09:28:19
2025-01-16,24,593463,5,9.50,40003,4,4,1415.50,2025-01-16 07:53:05
2025-01-16,24,593470,5,9.50,40003,4,4,1415.50,2025-01-16 08:36:59
2025-01-16,27,593460,1,10.00,40003,4,4,1600.00,2025-01-16 07:39:18
2025-01-16,27,593478,1,10.00,40003,4,4,1600.00,2025-01-16 09:11:43
2025-01-16,27,593494,1,10.00,40003,4,4,1600.00,2025-01-16 11:25:42
2025-01-16,28,137390,1,1.00,40003,1,1,181.50,2025-01-16 09:32:01
2025-01-16,29,267989,1,9.50,40003,6,6,1358.50,2025-01-16 07:46:26
2025-01-16,30,267987,1,5.00,40003,6,6,825.00,2025-01-16 07:37:28
2025-01-16,31,267988,1,3.25,40003,6,6,606.13,2025-01-16 07:43:19
2025-01-16,32,268021,6,9.50,40003,6,6,1358.50,2025-01-16 13:22:49
2025-01-16,33,593464,1,9.50,40003,4,4,1372.75,2025-01-16 08:00:22
2025-01-16,33,593467,5,9.25,40003,4,4,1355.13,2025-01-16 08:22:01
2025-01-16,33,593486,5,7.50,40003,4,4,1098.75,2025-01-16 10:11:17
2025-01-16,34,593469,62,4.00,40003,4,4,660.00,2025-01-16 08:34:33
2025-01-16,35,593461,1,3.50,40003,4,4,574.00,2025-01-16 07:44:46
2025-01-16,36,398193,2,8.00,40003,3,3,1440.00,2025-01-16 09:22:17
2025-01-16,37,593483,14,8.50,40003,4,4,1215.50,2025-01-16 09:42:53
2025-01-16,37,593485,14,8.50,40003,4,4,1215.50,2025-01-16 10:01:53
2025-01-16,37,593489,14,8.50,40003,4,4,1215.50,2025-01-16 10:55:03
2025-01-16,37,593496,14,8.50,40003,4,4,1215.50,2025-01-16 11:40:23
2025-01-16,37,593499,14,8.00,40003,4,4,1144.00,2025-01-16 12:02:24
2025-01-16,38,398196,1,6.00,40003,3,3,1020.00,2025-01-16 11:15:18
2025-01-16,40,268003,1,9.50,40003,6,6,1629.25,2025-01-16 09:57:15
2025-01-16,40,268004,1,9.50,40003,6,6,1629.25,2025-01-16 10:16:04
2025-01-16,40,268008,1,8.50,40003,6,6,1457.75,2025-01-16 11:16:51
2025-01-16,41,593488,1,9.50,40003,4,4,1353.75,2025-01-16 10:48:38
2025-01-16,41,593490,1,9.50,40003,4,4,1353.75,2025-01-16 11:11:02
2025-01-16,41,593493,1,9.50,40003,4,4,1353.75,2025-01-16 11:20:34
2025-01-16,41,593497,1,9.50,40003,4,4,1353.75,2025-01-16 11:44:48
2025-01-16,42,398192,1,2.50,40003,3,3,428.75,2025-01-17 13:34:34
2025-01-16,43,593474,1,7.50,40003,4,4,1200.00,2025-01-16 08:59:35
2025-01-16,43,593475,1,7.50,40003,4,4,1200.00,2025-01-16 09:03:38
2025-01-16,44,268011,17,9.00,40003,6,6,1219.50,2025-01-16 12:03:29
2025-01-16,44,268013,17,9.00,40003,6,6,1219.50,2025-01-16 12:15:17
2025-01-16,44,268014,17,9.00,40003,6,6,1219.50,2025-01-16 12:27:53
2025-01-16,44,268016,17,9.00,40003,6,6,1219.50,2025-01-16 12:42:58
2025-01-16,44,268018,17,9.00,40003,6,6,1219.50,2025-01-16 12:55:18
2025-01-16,44,268020,17,9.00,40003,6,6,1219.50,2025-01-16 13:05:25
2025-01-16,45,593501,1,2.00,40003,4,4,328.00,2025-01-17 08:05:20
2025-01-16,47,268009,1,9.00,40003,6,6,1624.50,2025-01-16 11:26:50
2025-01-16,47,268017,1,9.00,40003,6,6,1624.50,2025-01-16 12:55:11
2025-01-16,47,268025,1,9.00,40003,6,6,1624.50,2025-01-16 14:19:25
2025-01-16,48,268000,1,7.00,40003,6,6,1134.00,2025-01-16 09:15:20
2025-01-16,49,593465,1,9.00,40003,4,4,1579.50,2025-01-16 08:12:53
2025-01-16,49,593471,1,9.00,40003,4,4,1579.50,2025-01-16 08:41:47
2025-01-16,49,593477,1,9.00,40003,4,4,1579.50,2025-01-16 09:08:45
2025-01-16,49,593482,1,9.00,40003,4,4,1579.50,2025-01-16 09:36:18
2025-01-16,49,593495,1,1.50,40003,4,4,263.25,2025-01-16 11:38:58
2025-01-16,50,593476,1,21.09,60003,44,44,759.24,2025-01-17 08:06:52
2025-01-16,50,593492,1,20.72,60003,44,44,745.92,2025-01-17 08:06:52
2025-01-16,51,593466,204,7.00,40003,4,4,1001.00,2025-01-16 08:17:00
2025-01-16,51,593472,204,7.00,40003,4,4,1001.00,2025-01-16 08:48:10
2025-01-16,51,593479,204,7.00,40003,4,4,1001.00,2025-01-16 09:15:22
2025-01-16,52,398191,1,2.00,40003,3,3,306.00,2025-01-16 07:42:30
2025-01-16,53,137391,3,1.00,40003,1,1,178.50,2025-01-16 10:27:35
2025-01-16,54,268005,3,5.50,40003,6,6,990.00,2025-01-16 10:28:50
2025-01-16,54,268022,5,5.50,40003,6,6,990.00,2025-01-16 13:27:10
2025-01-16,55,398195,1,9.50,40003,3,3,1377.50,2025-01-16 09:56:32
2025-01-16,56,593498,1,5.00,40003,4,4,890.00,2025-01-16 11:55:28
2025-01-16,56,593502,1,2.50,40003,4,4,445.00,2025-01-16 13:50:14
2025-01-16,57,268002B,1,9.00,40003,6,6,1611.00,2025-01-17 07:59:50
2025-01-16,57,49105B,1,1.00,40003,6,6,179.00,2025-01-17 07:59:50
2025-01-16,58,10244,1,5.00,90005,44,44,352.50,2025-02-05 11:40:09
2025-01-16,58,10244,2,2.00,90005,44,44,132.00,2025-02-05 11:40:09
2025-01-17,3,268074,1,1.00,40003,6,6,182.00,2025-01-17 11:52:07
2025-01-17,4,593517,1,9.25,40003,4,4,1498.50,2025-01-17 07:03:10
2025-01-17,4,593524,1,9.50,40003,4,4,1539.00,2025-01-17 07:46:34
2025-01-17,4,593547,1,5.00,40003,4,4,810.00,2025-01-17 09:47:35
2025-01-17,4,593573,1,2.00,40003,4,4,324.00,2025-01-17 11:51:53
2025-01-17,5,268052,1,9.25,40003,6,6,1526.25,2025-01-17 09:24:41
2025-01-17,5,268055,1,9.50,40003,6,6,1567.50,2025-01-17 09:39:03
2025-01-17,5,268058,1,9.25,40003,6,6,1526.25,2025-01-17 09:58:37
2025-01-17,5,268059,1,9.50,40003,6,6,1567.50,2025-01-17 10:03:30
2025-01-17,5,268061,1,9.00,40003,6,6,1485.00,2025-01-17 10:38:12
2025-01-17,5,268066,1,9.25,40003,6,6,1526.25,2025-01-17 11:10:24
2025-01-17,5,268069,1,9.50,40003,6,6,1567.50,2025-01-17 11:17:42
2025-01-17,5,268071,1,9.25,40003,6,6,1526.25,2025-01-17 11:29:59
2025-01-17,5,268073,1,9.50,40003,6,6,1567.50,2025-01-17 11:45:46
2025-01-17,5,268078,1,9.00,40003,6,6,1485.00,2025-01-17 12:37:57
2025-01-17,5,268086,1,9.25,40003,6,6,1526.25,2025-01-17 13:11:32
2025-01-17,5,268087,1,9.50,40003,6,6,1567.50,2025-01-17 13:24:38
2025-01-17,5,268094,1,2.00,40003,6,6,330.00,2025-01-17 14:58:06
2025-01-17,7,137395,1,2.00,40003,1,1,358.00,2025-01-17 07:35:19
2025-01-17,9,398215,1,3.00,40003,3,3,552.00,2025-01-17 10:18:06
2025-01-17,11,593532,60,9.50,40003,4,4,1391.75,2025-01-17 08:20:15
2025-01-17,11,593535,60,9.25,40003,4,4,1355.13,2025-01-17 09:07:36
2025-01-17,11,593565,60,3.50,40003,4,4,512.75,2025-01-17 11:11:39
2025-01-17,12,137396,1,9.50,40003,1,1,1771.75,2025-01-17 07:39:15
2025-01-17,12,137399,1,9.50,40003,1,1,1771.75,2025-01-17 08:07:55
2025-01-17,16,593575,1,9.50,40003,4,4,1330.00,2025-01-17 11:58:13
2025-01-17,16,593578,1,9.50,40003,4,4,1330.00,2025-01-17 12:11:24
2025-01-17,16,593582,1,9.50,40003,4,4,1330.00,2025-01-17 12:33:04
2025-01-17,16,593585,1,9.50,40003,4,4,1330.00,2025-01-17 12:44:37
2025-01-17,16,593589,1,9.50,40003,4,4,1330.00,2025-01-17 13:12:12
2025-01-17,16,593595,1,9.50,40003,4,4,1330.00,2025-01-17 13:37:58
2025-01-17,16,593597,1,9.50,40003,4,4,1330.00,2025-01-17 13:48:02
2025-01-17,16,593600,1,9.50,40003,4,4,1330.00,2025-01-17 13:58:50
2025-01-17,16,593604,1,9.50,40003,4,4,1330.00,2025-01-17 14:14:26
2025-01-17,16,593606,1,9.50,40003,4,4,1330.00,2025-01-17 14:26:21
2025-01-17,16,593607,1,9.50,40003,4,4,1330.00,2025-01-17 14:33:34
2025-01-17,16,593613,1,9.50,40003,4,4,1330.00,2025-01-17 15:03:22
2025-01-17,16,593615,1,9.50,40003,4,4,1330.00,2025-01-17 15:17:24
2025-01-17,16,593619,1,9.50,40003,4,4,1330.00,2025-01-17 15:34:07
2025-01-17,16,593620,1,9.50,40003,4,4,1330.00,2025-01-17 15:38:09
2025-01-17,16,593627,1,9.50,40003,4,4,1330.00,2025-01-17 16:05:38
2025-01-17,16,593629,1,9.50,40003,4,4,1330.00,2025-01-17 16:22:06
2025-01-17,16,593631,1,9.50,40003,4,4,1330.00,2025-01-17 16:30:07
2025-01-17,16,593632,1,9.50,40003,4,4,1330.00,2025-01-17 16:35:02
2025-01-17,16,593633,1,9.25,40003,4,4,1295.00,2025-01-17 16:42:43
2025-01-17,16,593634,1,9.50,40003,4,4,1330.00,2025-01-17 16:44:09
2025-01-17,16,593635,1,9.25,40003,4,4,1295.00,2025-01-17 16:52:30
2025-01-17,16,593636,1,9.50,40003,4,4,1330.00,2025-01-17 16:57:16
2025-01-17,16,593637,1,9.25,40003,4,4,1295.00,2025-01-17 17:01:50
2025-01-17,16,593638,1,9.50,40003,4,4,1330.00,2025-01-17 17:04:07
2025-01-17,16,593639,1,9.50,40003,4,4,1330.00,2025-01-17 17:12:39
2025-01-17,16,593640,1,9.50,40003,4,4,1330.00,2025-01-17 17:20:31
2025-01-17,16,593641,1,9.25,40003,4,4,1295.00,2025-01-17 17:30:17
2025-01-17,17,593576,1,9.50,40003,4,4,1358.50,2025-01-20 13:10:48
2025-01-17,17,593580,1,9.50,40003,4,4,1358.50,2025-01-20 13:10:48
2025-01-17,17,593584,1,9.50,40003,4,4,1358.50,2025-01-20 13:10:49
2025-01-17,17,593590,1,9.50,40003,4,4,1358.50,2025-01-20 13:10:49
2025-01-17,17,593593,1,9.50,40003,4,4,1358.50,2025-01-20 13:10:49
2025-01-17,17,593601,1,9.50,40003,4,4,1358.50,2025-01-20 13:10:49
2025-01-17,17,593612,1,9.50,40003,4,4,1358.50,2025-01-20 13:10:49
2025-01-17,17,593621,1,9.25,40003,4,4,1322.75,2025-01-20 13:10:49
2025-01-17,17,593625,1,9.50,40003,4,4,1358.50,2025-01-20 13:10:49
2025-01-17,17,593630,1,9.25,40003,4,4,1322.75,2025-01-20 13:10:49
2025-01-17,17,593642,1,4.00,40003,4,4,572.00,2025-01-20 13:10:49
2025-01-17,18,593588,20,9.25,40003,4,4,1378.25,2025-01-17 13:07:31
2025-01-17,18,593594,20,9.25,40003,4,4,1378.25,2025-01-17 13:33:11
2025-01-17,18,593605,20,9.25,40003,4,4,1378.25,2025-01-17 14:23:25
2025-01-17,18,593611,20,9.50,40003,4,4,1415.50,2025-01-17 14:59:49
2025-01-17,18,593617,20,9.50,40003,4,4,1415.50,2025-01-17 15:26:00
2025-01-17,18,593628,20,9.50,40003,4,4,1415.50,2025-01-17 16:12:51
2025-01-17,19,268088,30,9.00,40003,6,6,1282.50,2025-01-17 13:35:14
2025-01-17,19,268089,30,9.00,40003,6,6,1282.50,2025-01-17 13:58:46
2025-01-17,19,268095,30,9.00,40003,6,6,1282.50,2025-01-17 14:58:20
2025-01-17,19,268096,30,9.00,40003,6,6,1282.50,2025-01-17 15:06:37
2025-01-17,19,268097,30,7.00,40003,6,6,997.50,2025-01-17 15:13:20
2025-01-17,22,137393,1,9.50,40003,1,1,1695.75,2025-01-17 07:08:49
2025-01-17,23,593586,1,9.50,40003,4,4,1396.50,2025-01-17 12:46:39
2025-01-17,23,593591,1,9.50,40003,4,4,1396.50,2025-01-17 13:25:55
2025-01-17,23,593602,1,9.50,40003,4,4,1396.50,2025-01-17 14:08:30
2025-01-17,25,268032,1,9.50,40003,6,6,1539.00,2025-01-17 06:47:15
2025-01-17,25,268037,1,9.50,40003,6,6,1539.00,2025-01-17 07:12:41
2025-01-17,25,268039,1,9.50,40003,6,6,1539.00,2025-01-17 07:23:27
2025-01-17,25,268040,1,9.50,40003,6,6,1539.00,2025-01-17 07:35:21
2025-01-17,25,268042,1,9.50,40003,6,6,1539.00,2025-01-17 07:54:33
2025-01-17,25,268044,1,9.50,40003,6,6,1539.00,2025-01-17 08:38:32
2025-01-17,25,268047,1,9.50,40003,6,6,1539.00,2025-01-17 08:59:21
2025-01-17,25,268050,1,9.50,40003,6,6,1539.00,2025-01-17 09:13:06
2025-01-17,25,268054,1,9.50,40003,6,6,1539.00,2025-01-17 09:31:04
2025-01-17,25,268060,1,9.50,40003,6,6,1539.00,2025-01-17 10:13:35
2025-01-17,25,268062,1,9.50,40003,6,6,1539.00,2025-01-17 10:45:00
2025-01-17,25,268063,1,9.50,40003,6,6,1539.00,2025-01-17 10:47:45
2025-01-17,25,268065,1,9.50,40003,6,6,1539.00,2025-01-17 11:05:07
2025-01-17,25,268079,1,9.50,40003,6,6,1539.00,2025-01-17 12:40:26
2025-01-17,25,268084,1,9.50,40003,6,6,1539.00,2025-01-17 13:04:21
2025-01-17,25,268091,1,9.50,40003,6,6,1539.00,2025-01-17 14:25:52
2025-01-17,25,268092,1,9.50,40003,6,6,1539.00,2025-01-17 14:37:52
2025-01-17,25,268099,1,9.50,40003,6,6,1539.00,2025-01-17 15:17:32
2025-01-17,26,137407,1,8.00,40003,1,1,1352.00,2025-01-17 14:11:20
2025-01-17,26,137407,4,1.00,80001,1,1,100.00,2025-01-17 14:11:20
2025-01-17,27,268072,25,5.00,40003,6,6,775.00,2025-01-19 14:59:55
2025-01-17,28,268075,3,4.50,40003,6,6,810.00,2025-01-17 11:56:25
2025-01-17,28,268080,3,4.50,40003,6,6,810.00,2025-01-17 12:46:07
2025-01-17,28,268093,5,4.50,40003,6,6,810.00,2025-01-17 14:55:39
2025-01-17,29,268076,4,2.00,40003,6,6,618.00,2025-01-17 12:12:49
2025-01-17,29,268077,2,7.00,40003,6,6,1365.00,2025-01-17 12:27:56
2025-01-17,29,268085,2,7.00,40003,6,6,1365.00,2025-01-17 13:09:50
2025-01-17,29,268090,2,5.00,40003,6,6,975.00,2025-01-17 14:21:56
2025-01-17,30,268035,1,9.50,40003,6,6,1539.00,2025-01-17 07:02:23
2025-01-17,30,268041,1,9.50,40003,6,6,1539.00,2025-01-17 07:41:06
2025-01-17,30,268049,1,9.50,40003,6,6,1539.00,2025-01-17 09:06:41
2025-01-17,30,268057,1,8.50,40003,6,6,1377.00,2025-01-17 09:58:26
2025-01-17,30,268070,1,8.50,40003,6,6,1377.00,2025-01-17 11:19:18
2025-01-17,30,268083,1,7.00,40003,6,6,1134.00,2025-01-17 12:55:22
2025-01-17,31,268036,1,2.00,40003,6,6,343.00,2025-01-17 07:08:00
2025-01-17,32,268043,104,6.50,40003,6,6,1056.25,2025-01-17 08:29:06
2025-01-17,32,268045,104,6.50,40003,6,6,1056.25,2025-01-17 08:49:19
2025-01-17,33,268056,1,5.00,40003,6,6,917.50,2025-01-17 09:45:53
2025-01-17,33,268067,1,5.00,40003,6,6,0.00,2025-01-17 12:42:04
2025-01-17,33,268081,1,5.00,40003,6,6,917.50,2025-01-17 12:46:14
2025-01-17,36,137392,1,9.50,40003,1,1,1444.00,2025-01-17 07:03:03
2025-01-17,36,137394,1,9.50,40003,1,1,1444.00,2025-01-17 07:30:46
2025-01-17,36,137397,1,9.50,40003,1,1,1444.00,2025-01-17 07:55:20
2025-01-17,37,268027,1,6.25,40003,6,6,1043.75,2025-01-17 05:48:20
2025-01-17,37,268030,1,6.25,40003,6,6,1043.75,2025-01-17 06:17:39
2025-01-17,38,268026,1,9.50,40003,6,6,1619.75,2025-01-17 05:42:57
2025-01-17,38,268028,1,9.50,40003,6,6,1619.75,2025-01-17 05:52:53
2025-01-17,38,268029,1,9.50,40003,6,6,1619.75,2025-01-17 06:12:19
2025-01-17,38,268031,1,9.50,40003,6,6,1619.75,2025-01-17 06:30:13
2025-01-17,38,268033,1,9.50,40003,6,6,1619.75,2025-01-17 06:55:51
2025-01-17,38,268034,1,9.25,40003,6,6,1577.13,2025-01-17 06:56:03
2025-01-17,38,268038,1,9.25,40003,6,6,1577.13,2025-01-17 07:18:26
2025-01-17,38,268053,1,6.00,40003,6,6,1023.00,2025-01-17 09:25:13
2025-01-17,39,398198,1,9.50,40003,3,3,1710.00,2025-01-17 07:06:55
2025-01-17,39,398204,1,9.50,40003,3,3,1710.00,2025-01-17 07:51:53
2025-01-17,39,398209,1,9.50,40003,3,3,1710.00,2025-01-17 09:01:41
2025-01-17,40,137398,388,8.50,40003,1,1,1381.25,2025-01-17 07:58:14
2025-01-17,40,137400,388,8.50,40003,1,1,1381.25,2025-01-17 08:17:20
2025-01-17,40,137401,388,8.50,40003,1,1,1381.25,2025-01-17 08:38:12
2025-01-17,40,137402,388,8.50,40003,1,1,1381.25,2025-01-17 08:57:08
2025-01-17,40,137403,388,8.50,40003,1,1,1381.25,2025-01-17 09:15:24
