trans_date,acct_year,acct_period,plant_code,raw_plant_code,cust_code,ship_cust_code,invc_code,trans_type,ar_adj_code,pretax_amt,tax_amt,total_amt,pmt_amt,check_amt,proj_code,po,unique_num
2025-01-01,2025,1,40,40,THOM06,THOM06,1482941,11,,99.00,0.00,99.00,0,0,,2696,23165155
2025-01-02,2025,1,4,4,ABCI01,ABCI01,1482670,11,,5516.50,0.00,5516.50,0,0,1,253-797-4644 -RYAN,23160148
2025-01-02,2025,1,3,3,AXIS01,AXIS01,1482671,11,,1331.25,66.78,1398.03,0,0,,,23160149
2025-01-02,2025,1,6,6,BERK01,BERK01,1482672,11,,3280.25,167.43,3447.68,0,0,6,24-047S,23160150
2025-01-02,2025,1,3,3,BRAN01,BRAN01,1482673,11,,988.25,49.80,1038.05,0,0,,MATT,23160151
2025-01-02,2025,1,1,1,BUST01,BUST01,1482674,11,,2349.25,140.96,2490.21,0,0,3,FLOR-410-612-0533,23160152
2025-01-02,2025,1,4,4,C1M,C1M,1482675,11,,416.25,29.14,445.39,0,445.39,,301-800-5725,23160153
2025-01-02,2025,1,4,4,C1M,,1482675,31,,0,0,0,-445.39,445.39,,,23282440
2025-01-02,2025,1,4,4,C1M,C1M,1482676,11,,3742.50,224.56,3967.06,0,3967.06,,304-676-9665,23160154
2025-01-02,2025,1,4,4,C1M,,1482676,31,,0,0,0,-3967.06,3967.06,,,23282445
2025-01-02,2025,1,3,3,C2F,C2F,1482677,11,,558.25,24.00,582.25,0,582.25,,301.305.8966,23160155
2025-01-02,2025,1,3,3,C2F,,1482677,31,,0,0,0,-582.25,582.25,,,23282435
2025-01-02,2025,1,4,4,C3M,C3M,1482678,11,,4647.75,278.88,4926.63,0,0,,304-820-2186,23160156
2025-01-02,2025,1,1,1,C3W,C3W,1482679,11,,2338.50,117.72,2456.22,0,2456.22,,410-340-6350,23160157
2025-01-02,2025,1,1,1,C3W,,1482679,31,,0,0,0,-2456.22,2456.22,,,23282430
2025-01-02,2025,1,40,40,CAGG,CAGG,1482680,11,,80.00,4.80,84.80,0,84.80,,,23160158
2025-01-02,2025,1,40,40,CAGG,,1482680,31,,0,0,0,-84.80,84.80,,,23282455
2025-01-02,2025,1,6,6,FOLA01,FOLA01,1482681,11,,4898.25,241.11,5139.36,0,0,475,,23160159
2025-01-02,2025,1,3,3,FOLA01,FOLA01,1482682,11,,3189.50,156.18,3345.68,0,0,,IAN,23160160
2025-01-02,2025,1,4,4,FOLA01,FOLA01,1482683,11,,4689.25,281.36,4970.61,0,0,,301-748-5333,23160161
2025-01-02,2025,1,6,6,FOLA01,FOLA01,1482684,11,,1423.75,67.83,1491.58,0,0,,ERIK,23160162
2025-01-02,2025,1,3,3,FOLA01,FOLA01,1482685,11,,3132.50,152.76,3285.26,0,0,,IAN,23160163
2025-01-02,2025,1,4,4,FOUR05,FOUR05,1482686,11,,1328.25,79.70,1407.95,0,0,,304-901-6509--STEVE,23160164
2025-01-02,2025,1,6,6,FRAN05,FRAN05,1482687,11,,8837.50,530.25,9367.75,0,0,53,717-658-7153 TIM,23160165
2025-01-02,2025,1,4,4,HENR05,HENR05,1482688,11,,1088.25,65.30,1153.55,0,0,,681-261-9379,23160166
2025-01-02,2025,1,6,6,HENS01,HENS01,1482689,11,,811.50,40.10,851.60,0,0,,301-710-3156,23160167
2025-01-02,2025,1,1,1,HENT01,HENT01,1482690,11,,667.50,30.56,698.06,0,0,,410-303-9713,23160168
2025-01-02,2025,1,4,4,ILAP01,ILAP01,1482691,11,,2140.50,128.43,2268.93,0,0,,240-405-2489,23160169
2025-01-02,2025,1,4,4,JC2001,JC2001,1482692,11,,448.25,26.90,475.15,0,475.15,,540-327-4558,23160170
2025-01-02,2025,1,4,4,JC2001,,1482692,31,,0,0,0,-475.15,475.15,,,23282450
2025-01-02,2025,1,3,3,JCSI01,JCSI01,1482693,11,,1746.75,87.21,1833.96,0,0,,,23160171
2025-01-02,2025,1,4,4,JSCC01,JSCC01,1482694,11,,2689.76,161.39,2851.15,0,0,,FRANKIE,23160172
2025-01-02,2025,1,4,4,JSCC01,JSCC01,1482695,11,,1771.25,106.28,1877.53,0,0,,FRANKIE,23160173
2025-01-02,2025,1,4,4,JSCC01,JSCC01,1482696,11,,1438.00,100.66,1538.66,0,0,,703.368.0552,23160174
2025-01-02,2025,1,3,3,KIBL01,KIBL01,1482697,11,,1490.25,71.82,1562.07,0,0,39,MD75-004,23160175
2025-01-02,2025,1,4,4,LONG02,LONG02,1482698,11,,1408.25,84.50,1492.75,0,0,,389237,23160176
2025-01-02,2025,1,1,1,MTLA01,MTLA01,1482699,11,,1178.25,58.50,1236.75,0,0,,PETE,23160177
2025-01-02,2025,1,6,6,NVRI01,NVRI01,1482700,11,,11485.50,689.13,12174.63,0,0,84,Community 1G,23160178
2025-01-02,2025,1,6,6,NVRI01,NVRI01,1482701,11,,6334.77,380.09,6714.86,0,0,71,Community CT,23160179
2025-01-02,2025,1,6,6,NVRI01,NVRI01,1482702,11,,2163.00,129.78,2292.78,0,0,71,Community CT,23160180
2025-01-02,2025,1,1,1,REIS01,REIS01,1482703,11,,4221.50,225.30,4446.80,0,0,,,23160181
2025-01-02,2025,1,40,40,RICK01,RICK01,1482704,11,,20.00,1.20,21.20,0,0,,,23160182
2025-01-02,2025,1,1,1,SANB02,SANB02,1482705,11,,6550.76,305.97,6856.73,0,0,8,443-867-3088,23160183
2025-01-02,2025,1,4,4,WALT02,WALT02,1482706,11,,1960.00,117.60,2077.60,0,0,,304-582-7218,23160184
2025-01-03,2025,1,4,4,ARCO02,ARCO02,1482707,11,,1704.00,0.00,1704.00,0,0,1,CON377-2001,23160896
2025-01-03,2025,1,1,1,ATKS01,ATKS01,1482708,11,,714.75,33.39,748.14,0,0,,240-215-5633,23160897
2025-01-03,2025,1,1,1,BARL01,BARL01,1482709,11,,1362.00,67.73,1429.73,0,0,,443-250-6238,23160898
2025-01-03,2025,1,6,6,BART01,BART01,1482710,11,,552.75,23.67,576.42,0,0,28,202-590-7774  FAUSTO,23160899
2025-01-03,2025,1,1,1,BART01,BART01,1482711,11,,2643.00,126.99,2769.99,0,0,,240-917-0703,23160900
2025-01-03,2025,1,6,6,BERK01,BERK01,1482712,11,,3436.75,175.92,3612.67,0,0,6,24-047S,23160901
2025-01-03,2025,1,3,3,C1F,C1F,1482713,11,,916.50,45.50,962.00,0,962.00,,301-992-0803 BRIAN,23160902
2025-01-03,2025,1,3,3,C1F,,1482713,31,,0,0,0,-962.00,962.00,,,23282465
2025-01-03,2025,1,6,6,C1H,C1H,1482714,11,,466.25,18.48,484.73,0,0,,301-491-2580,23160903
2025-01-03,2025,1,1,1,C2CO01,C2CO01,1482715,11,,456.25,27.38,483.63,0,483.63,,410-840-8733,23160904
2025-01-03,2025,1,1,1,C2CO01,,1482715,31,,0,0,0,-483.63,483.63,,,23282460
2025-01-03,2025,1,4,4,C2M,C2M,1482716,11,,3263.50,195.82,3459.32,0,3459.32,,304-839-8173,23160905
2025-01-03,2025,1,4,4,C2M,,1482716,31,,0,0,0,-3459.32,3459.32,,,23282485
2025-01-03,2025,1,6,6,C3M,C3M,1482717,11,,3550.50,213.04,3763.54,0,0,,1-304-261-6546,23160906
2025-01-03,2025,1,4,4,C3M,C3M,1482718,11,,480.25,28.82,509.07,0,509.07,,304-707-6931,23160907
2025-01-03,2025,1,4,4,C3M,,1482718,31,,0,0,0,-509.07,509.07,,,23282475
2025-01-03,2025,1,4,4,C3M,C3M,1482719,11,,2912.25,174.75,3087.00,0,3087.00,,304-676-8620,23160908
2025-01-03,2025,1,4,4,C3M,,1482719,31,,0,0,0,-3087.00,3087.00,,,23282490
2025-01-03,2025,1,1,1,C3W,C3W,1482720,11,,3119.00,155.56,3274.56,0,0,,717-672-1031,23160909
2025-01-03,2025,1,1,1,C3W,C3W,1482721,11,,561.25,20.58,581.83,0,0,,717-881-4377,23160910
2025-01-03,2025,1,1,1,C3W,C3W,1482722,11,,4200.75,207.36,4408.11,0,0,,301-370-4121,23160911
2025-01-03,2025,1,40,40,CAGG,CAGG,1482723,11,,600.00,36.00,636.00,0,0,,,23160912
2025-01-03,2025,1,6,6,DOMI01,DOMI01,1482724,11,,656.70,38.91,695.61,0,0,9,443-883-1258,23160913
2025-01-03,2025,1,6,6,EDGE01,EDGE01,1482725,11,,16743.00,793.44,17536.44,0,0,63,5955,23160914
2025-01-03,2025,1,3,3,FOLA01,FOLA01,1482726,11,,5695.00,271.32,5966.32,0,0,,,23160915
2025-01-03,2025,1,3,3,FOLA01,FOLA01,1482727,11,,3769.75,183.30,3953.05,0,0,,IAN,23160916
2025-01-03,2025,1,3,3,FOLA01,FOLA01,1482728,11,,1490.25,71.82,1562.07,0,0,,,23160917
2025-01-03,2025,1,3,3,FOLA01,FOLA01,1482729,11,,586.75,27.51,614.26,0,0,,,23160918
2025-01-03,2025,1,6,6,FRAN05,FRAN05,1482730,11,,478.25,21.50,499.75,0,0,53,717-658-7153 TIM,23160919
2025-01-03,2025,1,3,3,FRAN05,FRAN05,1482731,11,,551.25,23.58,574.83,0,0,56,717.342.1351,23160920
2025-01-03,2025,1,6,6,GEES01,GEES01,1482732,11,,762.25,36.24,798.49,0,0,75,717-729-1085,23160921
2025-01-03,2025,1,6,6,GEES01,GEES01,1482733,11,,475.25,19.02,494.27,0,0,76,717-729-1087,23160922
2025-01-03,2025,1,4,4,HENR05,HENR05,1482734,11,,1088.25,65.30,1153.55,0,0,,681-261-9379,23160923
2025-01-03,2025,1,6,6,HENS01,HENS01,1482735,11,,1404.25,69.36,1473.61,0,0,,,23160924
2025-01-03,2025,1,6,6,HENS01,HENS01,1482736,11,,722.25,35.64,757.89,0,0,,301-710-3156,23160925
2025-01-03,2025,1,3,3,HUNT05,HUNT05,1482737,11,,3873.25,192.21,4065.46,0,0,,,23160926
2025-01-03,2025,1,6,6,INTH01,INTH01,1482738,11,,401.25,14.58,415.83,0,0,,,23160927
2025-01-03,2025,1,4,4,JBCO02,JBCO02,1482739,11,,10381.01,622.86,11003.87,0,0,,304-820-9584,23160928
2025-01-03,2025,1,4,4,JC2001,JC2001,1482740,11,,2991.50,179.50,3171.00,0,3171.00,,540-327-4558,23160929
2025-01-03,2025,1,4,4,JC2001,,1482740,31,,0,0,0,-3171.00,3171.00,,,23282480
2025-01-03,2025,1,4,4,JC2001,JC2001,1482741,11,,520.75,31.25,552.00,0,552.00,,540-327-4558,23160930
2025-01-03,2025,1,4,4,JC2001,,1482741,31,,0,0,0,-552.00,552.00,,,23282495
2025-01-03,2025,1,6,6,JLSC01,JLSC01,1482742,11,,1261.25,75.68,1336.93,0,0,,304-261-8658-john,23160931
2025-01-03,2025,1,4,4,JSCC01,JSCC01,1482743,11,,1308.75,78.53,1387.28,0,0,,FRANKIE,23160932
2025-01-03,2025,1,4,4,JSCC01,JSCC01,1482744,11,,8217.01,493.02,8710.03,0,0,,DENNIS,23160933
2025-01-03,2025,1,4,4,JSCC01,JSCC01,1482745,11,,1381.00,82.86,1463.86,0,0,,FRANKIE,23160934
2025-01-03,2025,1,6,6,JSCC01,JSCC01,1482746,11,,7114.38,426.86,7541.24,0,0,,FRANKIE,23160935
2025-01-03,2025,1,4,4,JSCC01,JSCC01,1482747,11,,4106.88,246.41,4353.29,0,0,,FRANKIE,23160936
2025-01-03,2025,1,3,3,KIBL01,KIBL01,1482748,11,,1490.25,71.82,1562.07,0,0,39,MD75-004,23160937
2025-01-03,2025,1,4,4,LOPE01,LOPE01,1482749,11,,790.25,47.42,837.67,0,0,,240-291-1373 LUKE,23160938
2025-01-03,2025,1,6,6,MILL19,MILL19,1482750,11,,1025.75,0.00,1025.75,0,0,6,301-491-2558,23160939
2025-01-03,2025,1,3,3,MORG01,MORG01,1482751,11,,5695.00,271.32,5966.32,0,0,580,MORG,23160940
2025-01-03,2025,1,4,4,NORT02,NORT02,1482752,11,,5014.00,300.84,5314.84,0,0,,R 010325-06,23160941
2025-01-03,2025,1,6,6,NORT02,NORT02,1482753,11,,5412.38,324.74,5737.12,0,0,,R01032501,23160942
2025-01-03,2025,1,6,6,NVRI01,NVRI01,1482754,11,,1121.25,67.28,1188.53,0,0,71,Community CT,23160943
2025-01-03,2025,1,6,6,NVRI01,NVRI01,1482755,11,,5405.52,324.33,5729.85,0,0,84,Community 1G,23160944
2025-01-03,2025,1,6,6,NVRI01,NVRI01,1482756,11,,1447.50,86.85,1534.35,0,0,71,Community CT,23160945
2025-01-03,2025,1,4,4,NVRI01,NVRI01,1482757,11,,6680.14,400.81,7080.95,0,0,43,Community LM,23160946
2025-01-03,2025,1,6,6,NVRI01,NVRI01,1482758,11,,2719.50,163.17,2882.67,0,0,71,Community CT,23160947
2025-01-03,2025,1,6,6,NVRI01,NVRI01,1482759,11,,3050.50,183.03,3233.53,0,0,71,Community CT,23160948
2025-01-03,2025,1,6,6,NVRI01,NVRI01,1482760,11,,1738.50,104.31,1842.81,0,0,71,Community CT,23160949
2025-01-03,2025,1,6,6,NVRI01,NVRI01,1482761,11,,2743.50,164.61,2908.11,0,0,87,Community GE,23160950
2025-01-03,2025,1,3,3,NVRI01,NVRI01,1482762,11,,1839.00,89.10,1928.10,0,0,24,3W-LOT 220,23160951
2025-01-03,2025,1,4,4,PANH01,PANH01,1482763,11,,8225.25,493.52,8718.77,0,0,,304-676-1206,23160952
2025-01-03,2025,1,6,6,PANH01,PANH01,1482764,11,,4728.38,283.70,5012.08,0,0,,301-667-8427,23160953
2025-01-03,2025,1,4,4,PANH01,PANH01,1482765,11,,624.75,37.49,662.24,0,0,,304-676-1206,23160954
2025-01-03,2025,1,4,4,PLOT01,PLOT01,1482766,11,,4008.01,280.56,4288.57,0,4288.57,,J WALKER CONSTRUCTION,23160955
2025-01-03,2025,1,4,4,PLOT01,,1482766,31,,0,0,0,-4288.57,4288.57,,,23282470
2025-01-03,2025,1,3,3,POOL09,POOL09,1482767,11,,851.25,41.58,892.83,0,0,,301-748-1638 BRUCE,23160956
2025-01-03,2025,1,6,6,POTO05,POTO05,1482768,11,,1548.25,78.00,1626.25,0,0,,,23160957
2025-01-03,2025,1,3,3,PWII01,PWII01,1482769,11,,3752.75,184.08,3936.83,0,0,15,15913,23160958
2025-01-03,2025,1,40,40,REIS01,REIS01,1482770,11,,110.00,6.60,116.60,0,0,,CHRIS,23160959
2025-01-03,2025,1,40,40,RFTS01,RFTS01,1482771,11,,385.00,23.10,408.10,0,0,,JUSTIN,23160960
2025-01-03,2025,1,1,1,SANB02,SANB02,1482772,11,,5419.52,254.79,5674.31,0,0,8,443-867-3088,23160961
2025-01-03,2025,1,4,4,STAR02,STAR02,1482773,11,,369.75,25.88,395.63,0,0,6,443-623-0844,23160962
2025-01-03,2025,1,6,6,THOM06,THOM06,1482774,11,,594.75,0.00,594.75,0,0,8,,23160963
2025-01-03,2025,1,6,6,TREJ01,TREJ01,1482775,11,,1765.75,105.95,1871.70,0,0,,,23160964
2025-01-03,2025,1,4,4,VILL01,VILL01,1482776,11,,1854.00,111.24,1965.24,0,0,,1-703-334-5838,23160965
2025-01-04,2025,1,4,4,H2CO01,H2CO01,1482777,11,,11112.76,777.89,11890.65,0,0,,304-283-6129,23161586
2025-01-07,2025,1,6,6,C3M,,1482717,31,,0,0,0,-3763.54,3763.54,,,23282573
2025-01-08,2025,1,1,1,C1W,C1W,1482613,11,,1691.25,84.78,1776.03,0,1776.03,,717-874-8048,23151652
2025-01-08,2025,1,1,1,C1W,,1482613,31,,0,0,0,-1776.03,1776.03,,,23282578
2025-01-08,2025,1,3,3,EDGE01,EDGE01,1482614,11,,4273.75,209.94,4483.69,0,0,,5823,23151653
2025-01-08,2025,1,6,6,EDGE01,EDGE01,1482615,11,,404.25,14.76,419.01,0,0,,4507,23151654
2025-01-08,2025,1,3,3,KING08,KING08,1482616,11,,3759.50,190.38,3949.88,0,0,,,23151655
2025-01-08,2025,1,6,6,REGI02,REGI02,1482617,11,,2760.50,139.44,2899.94,0,0,2,FLORIN,23151656
2025-01-08,2025,1,6,6,SIPP01,SIPP01,1482618,11,,4215.75,211.86,4427.61,0,0,,814-506-7558 TREVOR,23151657
2025-01-08,2025,1,6,6,THOM06,THOM06,1482619,11,,278.75,0.00,278.75,0,0,46,SLUMP ERROR,23151658
2025-01-08,2025,1,6,6,C1H,,1482714,31,,0,0,0,-484.73,484.73,,,23282718
2025-01-08,2025,1,1,1,C3W,,1482720,31,,0,0,0,-3274.56,3274.56,,,23282699
2025-01-08,2025,1,1,1,C3W,,1482721,31,,0,0,0,-582.00,582.00,,,23282705
2025-01-08,2025,1,1,1,C3W,,1482721,41,PAJ,0,0,0,0,582.00,,,23282708
2025-01-08,2025,1,1,1,C3W,,1482722,31,,0,0,0,-4408.11,4408.11,,,23282713
2025-01-08,2025,1,40,40,CAGG,,1482723,31,,0,0,0,-636.00,636.00,,,23282723
2025-01-09,2025,1,6,6,BERK01,BERK01,1482620,11,,4838.00,246.90,5084.90,0,0,6,24-047S,23151724
2025-01-09,2025,1,4,4,C1M,C1M,1482621,11,,642.75,44.99,687.74,0,687.74,,410-937-1600,23151725
2025-01-09,2025,1,4,4,C1M,,1482621,31,,0,0,0,-687.74,687.74,,,23282593
2025-01-09,2025,1,1,1,C1W,C1W,1482622,11,,1784.75,89.49,1874.24,0,1874.24,,717-874-8048,23151726
2025-01-09,2025,1,1,1,C1W,,1482622,31,,0,0,0,-1874.24,1874.24,,,23282588
2025-01-09,2025,1,1,1,C3W,C3W,1482623,11,,533.25,22.50,555.75,0,555.75,,410-340-6350,23151727
2025-01-09,2025,1,1,1,C3W,,1482623,31,,0,0,0,-555.75,555.75,,,23282583
2025-01-09,2025,1,40,40,CAGG,CAGG,1482624,11,,600.00,36.00,636.00,0,0,,,23151728
2025-01-09,2025,1,6,6,FOLA01,FOLA01,1482625,11,,6383.25,383.00,6766.25,0,0,,301-748-5333,23151729
2025-01-09,2025,1,3,3,FRAN05,FRAN05,1482626,11,,4727.25,230.85,4958.10,0,0,,717.342.1351,23151730
2025-01-09,2025,1,3,3,FRED01,FRED01,1482627,11,,12766.75,629.25,13396.00,0,0,99,BOB,23151731
2025-01-09,2025,1,1,1,MARK02,MARK02,1482628,11,,2551.50,128.70,2680.20,0,0,8,443-597-3088,23151732
2025-01-09,2025,1,1,1,PETE04,PETE04,1482629,11,,374.25,0.00,374.25,0,0,,443-421-7127,23151733
2025-01-09,2025,1,6,6,REGI02,REGI02,1482630,11,,1916.50,96.00,2012.50,0,0,2,FLORIN,23151734
2025-01-09,2025,1,1,1,STON09,STON09,1482631,11,,3256.00,160.17,3416.17,0,0,2,717-892-2422,23151735
2025-01-09,2025,1,4,4,VILL01,VILL01,1482632,11,,9084.75,545.09,9629.84,0,0,,703-334-5837,23151736
2025-01-09,2025,1,4,4,VILL01,VILL01,1482633,11,,6950.25,417.02,7367.27,0,0,,1-703-334-5838,23151737
2025-01-10,2025,1,4,4,C1M,C1M,1482778,11,,5439.75,326.40,5766.15,0,0,,1-304-671-4482--WALLEY,23161853
2025-01-10,2025,1,3,3,C2F,C2F,1482779,11,,317.25,9.54,326.79,0,326.79,,330.428.2974,23161854
2025-01-10,2025,1,3,3,C2F,,1482779,31,,0,0,0,-326.79,326.79,,,23282599
2025-01-10,2025,1,4,4,C3M,C3M,1482780,11,,3550.50,213.04,3763.54,0,3763.54,,1-304-261-6546,23161855
2025-01-10,2025,1,4,4,C3M,,1482780,31,,0,0,0,-3763.54,3763.54,,,23282604
2025-01-10,2025,1,4,4,EDGE01,EDGE01,1482781,11,,5995.50,359.73,6355.23,0,0,47,5999,23161856
2025-01-10,2025,1,3,3,FRAN05,FRAN05,1482782,11,,5725.50,279.45,6004.95,0,0,,717.342.1351,23161857
2025-01-10,2025,1,4,4,FRED01,FRED01,1482783,11,,3202.50,224.18,3426.68,0,0,100,JEFF 240-446-4952,23161858
2025-01-10,2025,1,6,6,JOUR01,JOUR01,1482784,11,,5997.88,304.34,6302.22,0,0,,,23161859
2025-01-10,2025,1,4,4,JSCC01,JSCC01,1482785,11,,1558.50,93.51,1652.01,0,0,,FRANKIE,23161860
2025-01-10,2025,1,4,4,JSCC01,JSCC01,1482786,11,,5488.25,329.30,5817.55,0,0,,FRANKIE,23161861
2025-01-10,2025,1,4,4,KINS01,KINS01,1482787,11,,1156.25,80.94,1237.19,0,0,,240-866-9037 BRIAN,23161862
2025-01-10,2025,1,3,3,LILL01,LILL01,1482788,11,,2447.50,146.86,2594.36,0,0,,,23161863
2025-01-10,2025,1,3,3,MERL01,MERL01,1482789,11,,1745.25,88.02,1833.27,0,0,3,BRIAN,23161864
2025-01-10,2025,1,3,3,MERL01,MERL01,1482790,11,,913.25,45.30,958.55,0,0,4,814-599-1638 SCOTT,23161865
2025-01-10,2025,1,3,3,MORG01,MORG01,1482791,11,,13978.50,664.56,14643.06,0,0,580,MORG,23161866
2025-01-10,2025,1,6,6,NORT02,NORT02,1482792,11,,9427.14,565.63,9992.77,0,0,,R01102506,23161867
2025-01-10,2025,1,6,6,NVRI01,NVRI01,1482793,11,,8184.00,491.04,8675.04,0,0,87,Community GE,23161868
2025-01-10,2025,1,6,6,NVRI01,NVRI01,1482794,11,,6182.02,370.92,6552.94,0,0,84,Community 1G,23161869
2025-01-10,2025,1,6,6,NVRI01,NVRI01,1482795,11,,3962.25,237.74,4199.99,0,0,84,Community 1G,23161870
2025-01-10,2025,1,4,4,NVRI01,NVRI01,1482796,11,,3585.00,215.10,3800.10,0,0,43,Community LM,23161871
2025-01-10,2025,1,6,6,NVRI01,NVRI01,1482797,11,,6565.00,393.90,6958.90,0,0,71,Community CT,23161872
2025-01-10,2025,1,3,3,NVRI01,NVRI01,1482798,11,,8851.26,430.01,9281.27,0,0,48,3B,23161873
2025-01-10,2025,1,4,4,NVRI01,NVRI01,1482799,11,,5775.00,279.72,6054.72,0,0,48,3B,23161874
2025-01-10,2025,1,3,3,NVRI01,NVRI01,1482800,11,,2142.76,103.28,2246.04,0,0,24,LOT130   SX,23161875
2025-01-10,2025,1,4,4,PANH01,PANH01,1482801,11,,5372.26,322.34,5694.60,0,0,,1-540-327-3421,23161876
2025-01-10,2025,1,4,4,PANH01,PANH01,1482802,11,,4813.13,288.79,5101.92,0,0,,304-676-1206 RICK,23161877
2025-01-10,2025,1,1,1,PETE04,PETE04,1482803,11,,608.25,0.00,608.25,0,0,,443-421-7127,23161878
2025-01-10,2025,1,4,4,PRIC05,PRIC05,1482804,11,,790.25,55.32,845.57,0,0,,301-707-1881,23161879
2025-01-10,2025,1,6,6,REGI02,REGI02,1482805,11,,2676.50,134.40,2810.90,0,0,2,FLORIN,23161880
2025-01-10,2025,1,6,6,RICK02,RICK02,1482806,11,,9674.51,580.47,10254.98,0,0,,LT 12,23161881
2025-01-10,2025,1,6,6,RICK02,RICK02,1482807,11,,3265.50,195.93,3461.43,0,0,,304-820-9584 LOLO,23161882
2025-01-10,2025,1,1,1,SHAN04,SHAN04,1482808,11,,520.75,21.75,542.50,0,0,,410-552-8900,23161883
2025-01-10,2025,1,6,6,SIPP01,SIPP01,1482809,11,,3636.00,182.97,3818.97,0,0,,814-506-7558 TREVOR,23161884
2025-01-10,2025,1,1,1,STON09,STON09,1482810,11,,8140.00,400.43,8540.43,0,0,2,717-892-2422,23161885
2025-01-10,2025,1,6,6,THOM06,THOM06,1482811,11,,1629.25,0.00,1629.25,0,0,2,SLUMP,23161886
2025-01-10,2025,1,4,4,VILL01,VILL01,1482812,11,,5325.00,319.50,5644.50,0,0,,,23161887
2025-01-10,2025,1,3,3,WAYN02,WAYN02,1482813,11,,321.75,9.81,331.56,0,0,98,TERRY 717-387-9576,23161888
2025-01-10,2025,1,1,1,WEST11,WEST11,1482814,11,,8804.27,528.26,9332.53,0,0,2,301-730-1444 JOHN,23161889
2025-01-10,2025,1,1,1,WEST11,WEST11,1482815,11,,1112.25,66.74,1178.99,0,0,,301-730-1444 JOHN,23161890
2025-01-13,2025,1,1,1,AYER01,AYER01,1482640,11,,8716.50,522.99,9239.49,0,0,1,240-380-8206 BOB,23153989
2025-01-13,2025,1,1,1,C1W,C1W,1482641,11,,556.25,20.28,576.53,0,576.53,,240-461-3089,23153990
2025-01-13,2025,1,1,1,C1W,,1482641,31,,0,0,0,-576.53,576.53,,,23282614
2025-01-13,2025,1,1,1,JASO01,JASO01,1482642,11,,898.50,44.42,942.92,0,942.92,,443-547-9033 JASON,23153991
2025-01-13,2025,1,1,1,JASO01,,1482642,31,,0,0,0,-942.92,942.92,,,23282619
2025-01-13,2025,1,1,1,MTLA01,MTLA01,1482643,11,,1884.75,95.49,1980.24,0,0,,PETE,23153992
2025-01-13,2025,1,1,1,REIS01,REIS01,1482644,11,,567.75,26.37,594.12,0,0,,,23153993
2025-01-13,2025,1,1,1,WEST11,WEST11,1482645,11,,4587.25,275.24,4862.49,0,0,2,301-730-1444 JOHN,23153994
2025-01-13,2025,1,1,1,WEST11,WEST11,1482646,11,,3857.25,231.44,4088.69,0,0,2,301-730-1444 JOHN,23153995
2025-01-13,2025,1,3,3,BRAN01,BRAN01,1482647,11,,863.25,43.20,906.45,0,0,,,23154067
2025-01-13,2025,1,3,3,C1F,C1F,1482648,11,,702.50,42.15,744.65,0,744.65,,240.527.0391,23154068
2025-01-13,2025,1,3,3,C1F,,1482648,31,,0,0,0,-744.65,744.65,,,23282624
2025-01-13,2025,1,3,3,EDGE01,EDGE01,1482649,11,,1537.75,74.67,1612.42,0,0,58,4763,23154069
2025-01-13,2025,1,3,3,FOLA01,FOLA01,1482650,11,,251.25,7.38,258.63,0,0,,,23154070
2025-01-13,2025,1,3,3,FOLA01,FOLA01,1482651,11,,1320.25,64.32,1384.57,0,0,,ERIK,23154071
2025-01-13,2025,1,3,3,GLBI01,GLBI01,1482652,11,,1499.75,72.39,1572.14,0,0,74,304.671.1317,23154072
2025-01-13,2025,1,3,3,KIBL01,KIBL01,1482653,11,,2980.50,143.64,3124.14,0,0,39,MD75-004,23154073
2025-01-13,2025,1,3,3,LILL01,LILL01,1482654,11,,2915.00,174.90,3089.90,0,0,,,23154074
2025-01-13,2025,1,3,3,MONT01,MONT01,1482655,11,,2940.50,0.00,2940.50,0,0,1,,23154075
2025-01-13,2025,1,3,3,SMIT01,SMIT01,1482656,11,,48697.38,2360.56,51057.94,0,0,35,STUART,23154076
2025-01-13,2025,1,3,3,THOM06,THOM06,1482657,11,,3302.25,0.00,3302.25,0,0,3,PER JA,23154077
2025-01-13,2025,1,6,6,C3M,C3M,1482658,11,,5268.75,316.14,5584.89,0,0,,304-261-8042,23154173
2025-01-13,2025,1,6,6,FOLA01,FOLA01,1482659,11,,404.25,16.56,420.81,0,0,,ERIK,23154174
2025-01-13,2025,1,6,6,FOUN01,FOUN01,1482660,11,,5919.75,289.76,6209.51,0,0,,NICK,23154175
2025-01-13,2025,1,6,6,JOUR01,JOUR01,1482661,11,,487.25,19.74,506.99,0,0,,,23154176
2025-01-13,2025,1,6,6,JSCC01,JSCC01,1482662,11,,12659.25,759.56,13418.81,0,0,,FRANKIE,23154177
2025-01-13,2025,1,6,6,MORG01,MORG01,1482663,11,,2422.75,119.63,2542.38,0,0,585,RP,23154178
2025-01-13,2025,1,6,6,NVRI01,NVRI01,1482664,11,,4806.00,288.36,5094.36,0,0,87,Community GE,23154179
2025-01-13,2025,1,6,6,NVRI01,NVRI01,1482665,11,,13414.50,804.87,14219.37,0,0,71,Community CT,23154180
2025-01-13,2025,1,6,6,REGI02,REGI02,1482666,11,,1676.50,81.60,1758.10,0,0,2,FLORIN,23154181
2025-01-13,2025,1,6,6,UNIT03,UNIT03,1482667,11,,1342.75,80.57,1423.32,0,0,,717-729-2036,23154182
2025-01-13,2025,1,40,40,CAGG,CAGG,1482668,11,,55.00,3.30,58.30,0,58.30,,,23154280
2025-01-13,2025,1,40,40,CAGG,,1482668,31,,0,0,0,-58.30,58.30,,,23282634
2025-01-13,2025,1,40,40,HIDE01,HIDE01,1482669,11,,266.00,0.00,266.00,0,0,1,,23154281
2025-01-13,2025,1,4,4,ABCI01,ABCI01,1482816,11,,12634.25,0.00,12634.25,0,0,1,435-494-9792 KYLE,23162735
2025-01-13,2025,1,4,4,C3M,C3M,1482817,11,,3184.50,191.08,3375.58,0,0,,304-676-8620 JAKE,23162736
2025-01-13,2025,1,4,4,EDGE01,EDGE01,1482818,11,,9384.88,563.09,9947.97,0,0,47,5889,23162737
2025-01-13,2025,1,4,4,FOUR05,FOUR05,1482819,11,,1680.25,100.82,1781.07,0,0,,304-901-6509--STEVE,23162738
2025-01-13,2025,1,4,4,FRED01,FRED01,1482820,11,,1681.25,117.69,1798.94,0,0,100,JEFF 240-446-4952,23162739
2025-01-13,2025,1,4,4,GREE21,GREE21,1482821,11,,2664.50,186.52,2851.02,0,0,4,703-530-9777,23162740
2025-01-13,2025,1,4,4,HENR05,HENR05,1482822,11,,2626.50,157.59,2784.09,0,0,,681-261-9379,23162741
2025-01-13,2025,1,4,4,ILAP01,ILAP01,1482823,11,,1753.50,105.21,1858.71,0,0,,240-405-2489,23162742
2025-01-13,2025,1,4,4,JC2001,JC2001,1482824,11,,588.75,35.33,624.08,0,624.08,,,23162743
2025-01-13,2025,1,4,4,JC2001,,1482824,31,,0,0,0,-624.00,624.00,,,23282629
2025-01-13,2025,1,4,4,JSCC01,JSCC01,1482825,11,,16710.00,1002.60,17712.60,0,0,,FRANKIE,23162744
2025-01-13,2025,1,4,4,JSCC01,JSCC01,1482826,11,,4257.38,255.44,4512.82,0,0,,FRANKIE,23162745
2025-01-13,2025,1,4,4,LAST01,LAST01,1482827,11,,18007.25,1080.44,19087.69,0,0,2,540-393-1715,23162746
2025-01-13,2025,1,4,4,NVRI01,NVRI01,1482828,11,,4953.00,297.18,5250.18,0,0,43,Community LM,23162747
2025-01-13,2025,1,4,4,NVRI01,NVRI01,1482829,11,,3196.50,191.79,3388.29,0,0,43,Community LM,23162748
2025-01-13,2025,1,4,4,NVRI01,NVRI01,1482830,11,,6449.88,386.99,6836.87,0,0,43,Community LM,23162749
2025-01-13,2025,1,4,4,PANH01,PANH01,1482831,11,,1775.25,106.52,1881.77,0,0,,1-540-327-3421,23162750
2025-01-13,2025,1,4,4,PANH01,PANH01,1482832,11,,752.25,45.14,797.39,0,0,,304-676-1206,23162751
2025-01-13,2025,1,4,4,VILL01,VILL01,1482833,11,,10002.75,600.17,10602.92,0,0,,1-703-334-5838,23162752
2025-01-13,2025,1,4,4,VILL01,VILL01,1482834,11,,1670.25,100.22,1770.47,0,0,,703-334-5837,23162753
2025-01-14,2025,1,4,4,FOUR05,FOUR05,1482835,11,,1064.25,63.86,1128.11,0,0,,304-901-6509--STEVE,23162912
2025-01-14,2025,1,4,4,FRED01,FRED01,1482836,11,,458.25,0.00,458.25,0,0,95,,23162913
2025-01-14,2025,1,4,4,GIOR01,GIOR01,1482837,11,,584.25,35.06,619.31,0,0,,724-674-3266,23162914
2025-01-14,2025,1,4,4,ILAP01,ILAP01,1482838,11,,1082.25,64.94,1147.19,0,0,,240-405-2489,23162915
2025-01-14,2025,1,4,4,JSCC01,JSCC01,1482839,11,,5676.38,340.58,6016.96,0,0,,FRANKIE,23162916
2025-01-14,2025,1,4,4,MORG01,MORG01,1482840,11,,8078.25,565.48,8643.73,0,0,577,SHANNON,23162917
2025-01-14,2025,1,4,4,NVRI01,NVRI01,1482841,11,,1896.88,113.81,2010.69,0,0,43,Community LM,23162918
2025-01-14,2025,1,4,4,VILL01,VILL01,1482842,11,,1404.75,84.29,1489.04,0,0,,1-703-334-5838,23162919
2025-01-14,2025,1,1,1,AYER01,AYER01,1482853,11,,7285.00,437.10,7722.10,0,0,1,240-380-8206 BOB,23163076
2025-01-14,2025,1,1,1,C3W,C3W,1482854,11,,590.25,25.92,616.17,0,0,,443-952-1107,23163077
2025-01-14,2025,1,1,1,MIDA04,MIDA04,1482855,11,,786.25,37.68,823.93,0,0,,717-418-5112,23163078
2025-01-14,2025,1,3,3,EDGE01,EDGE01,1482856,11,,4613.25,224.01,4837.26,0,0,61,WILLIAM,23163106
2025-01-14,2025,1,3,3,EDGE01,EDGE01,1482857,11,,12758.00,624.72,13382.72,0,0,58,4763,23163107
2025-01-14,2025,1,3,3,LEFA01,LEFA01,1482858,11,,416.25,17.28,433.53,0,0,,,23163108
2025-01-14,2025,1,3,3,LONG02,LONG02,1482859,11,,734.25,34.56,768.81,0,0,,389438,23163109
2025-01-14,2025,1,6,6,BERK01,BERK01,1482860,11,,2725.75,138.66,2864.41,0,0,6,24-047S,23163149
2025-01-14,2025,1,6,6,FOLA01,FOLA01,1482861,11,,1720.50,80.64,1801.14,0,0,,,23163150
2025-01-14,2025,1,6,6,FRAN05,FRAN05,1482862,11,,1119.75,0.00,1119.75,0,0,54,717-729-1108  NEVIN,23163151
2025-01-14,2025,1,6,6,NVRI01,NVRI01,1482863,11,,1523.50,91.41,1614.91,0,0,84,Community 1G,23163152
2025-01-14,2025,1,6,6,NVRI01,NVRI01,1482864,11,,3462.25,207.74,3669.99,0,0,84,Community 1G,23163153
2025-01-14,2025,1,6,6,NVRI01,NVRI01,1482865,11,,5367.13,322.03,5689.16,0,0,71,Community CT,23163154
2025-01-14,2025,1,6,6,PANH01,PANH01,1482866,11,,2264.63,135.88,2400.51,0,0,,301-667-8427,23163155
2025-01-14,2025,1,6,6,POTO05,POTO05,1482867,11,,469.25,18.66,487.91,0,0,,301-800-9988  JAMES,23163156
2025-01-14,2025,1,6,6,REGI02,REGI02,1482868,11,,1783.50,88.02,1871.52,0,0,2,FLORIN,23163157
2025-01-14,2025,1,6,6,RICK02,RICK02,1482869,11,,7044.00,422.64,7466.64,0,0,,304-820-9584 LOLO,23163158
2025-01-14,2025,1,40,40,CAGG,CAGG,1482870,11,,360.00,21.60,381.60,0,0,,,23163248
2025-01-14,2025,1,40,40,GREA03,GREA03,1482871,11,,240.00,14.40,254.40,0,254.40,,,23163249
2025-01-14,2025,1,40,40,GREA03,,1482871,31,,0,0,0,-254.40,254.40,,,23282648
2025-01-15,2025,1,6,6,C3M,,1482658,31,,0,0,0,-5584.89,5584.89,,,23282679
2025-01-15,2025,1,4,4,ABCI01,ABCI01,1482843,11,,17055.00,0.00,17055.00,0,0,1,435-494-9792 KYLE,23162988
2025-01-15,2025,1,4,4,C1M,C1M,1482844,11,,2471.00,148.27,2619.27,0,2619.27,,304-859-2703 randy,23162989
2025-01-15,2025,1,4,4,C1M,,1482844,31,,0,0,0,-2619.27,2619.27,,,23282659
2025-01-15,2025,1,4,4,C1M,C1M,1482845,11,,476.25,33.34,509.59,0,509.59,,410-320-8098,23162990
2025-01-15,2025,1,4,4,C1M,,1482845,31,,0,0,0,-509.59,509.59,,,23282664
2025-01-15,2025,1,4,4,GIOR01,GIOR01,1482846,11,,1040.25,62.42,1102.67,0,0,,724-674-3266,23162991
2025-01-15,2025,1,4,4,GREY03,GREY03,1482847,11,,12090.00,846.30,12936.30,0,0,1,540-935-9722,23162992
2025-01-15,2025,1,4,4,HESS04,HESS04,1482848,11,,3455.50,207.33,3662.83,0,0,,304-433-5921,23162993
2025-01-15,2025,1,4,4,JSCC01,JSCC01,1482849,11,,2406.00,144.36,2550.36,0,0,,FRANKIE,23162994
2025-01-15,2025,1,4,4,MORG01,MORG01,1482850,11,,2960.25,207.22,3167.47,0,0,577,SHANNON,23162995
2025-01-15,2025,1,4,4,SWEE02,SWEE02,1482851,11,,1233.25,86.33,1319.58,0,0,,814-386-0105,23162996
2025-01-15,2025,1,4,4,VILL01,VILL01,1482852,11,,3258.75,195.53,3454.28,0,0,,1-703-334-5838,23162997
2025-01-15,2025,1,1,1,AYER01,AYER01,1482872,11,,3379.76,202.79,3582.55,0,0,1,240-380-8206 BOB,23163260
2025-01-15,2025,1,1,1,LONG02,LONG02,1482873,11,,4749.75,234.90,4984.65,0,0,28,389439,23163261
2025-01-15,2025,1,1,1,MIDA04,MIDA04,1482874,11,,794.25,38.16,832.41,0,0,,717-418-5112 RYAN,23163262
2025-01-15,2025,1,1,1,MILL15,MILL15,1482875,11,,3166.50,156.60,3323.10,0,0,,,23163263
2025-01-15,2025,1,1,1,RFTS01,RFTS01,1482876,11,,1512.25,75.84,1588.09,0,0,,717-577-0206,23163264
2025-01-15,2025,1,1,1,RYDE01,RYDE01,1482877,11,,507.00,20.93,527.93,0,527.93,,410-948-5855,23163265
2025-01-15,2025,1,1,1,RYDE01,,1482877,31,,0,0,0,-527.93,527.93,,,23282654
2025-01-15,2025,1,1,1,STON09,STON09,1482878,11,,5148.00,252.90,5400.90,0,0,2,717-892-2422 ELI,23163266
2025-01-15,2025,1,3,3,CONE01,CONE01,1482879,11,,5049.00,232.56,5281.56,0,0,52,11886.0001,23163329
2025-01-15,2025,1,3,3,FOLA01,FOLA01,1482880,11,,1661.25,82.08,1743.33,0,0,,,23163330
2025-01-15,2025,1,3,3,MERL01,MERL01,1482881,11,,762.25,36.24,798.49,0,0,4,814-599-1638 SCOTT,23163331
2025-01-15,2025,1,6,6,BERK01,BERK01,1482882,11,,2120.50,108.24,2228.74,0,0,6,24-047S,23163359
2025-01-15,2025,1,6,6,C2H,C2H,1482883,11,,488.25,19.80,508.05,0,508.05,,301-991-6018,23163360
2025-01-15,2025,1,6,6,C2H,,1482883,31,,0,0,0,-508.05,508.05,,,23282669
2025-01-15,2025,1,6,6,CITY08,CITY08,1482884,11,,335.75,0.00,335.75,0,0,23,Q1821.24    P10,23163361
2025-01-15,2025,1,6,6,HETZ01,HETZ01,1482885,11,,13178.25,640.44,13818.69,0,0,126,,23163362
2025-01-15,2025,1,6,6,NVRI01,NVRI01,1482886,11,,3749.25,224.96,3974.21,0,0,87,Community GE,23163363
2025-01-15,2025,1,6,6,REGI02,REGI02,1482887,11,,1644.50,79.68,1724.18,0,0,2,FLORIN,23163364
2025-01-15,2025,1,6,6,SIPP01,SIPP01,1482888,11,,5660.25,282.74,5942.99,0,0,,814-506-7558 TREVOR,23163365
2025-01-15,2025,1,44,44,C1M,C1M,1482889,11,,764.25,45.86,810.11,0,899.15,,540-428-9311,23163434
2025-01-15,2025,1,44,44,C1M,,1482889,31,,0,0,0,-810.11,810.11,,,23282674
2025-01-15,2025,1,44,44,KELL07,KELL07,1483038,11,,50.00,0.00,50.00,0,0,,JAN. TRAILER PARKING,23166170
2025-01-15,2025,1,40,40,THOM06,THOM06,1483367,11,,316.50,0.00,316.50,0,0,,2696,23175688
2025-01-16,2025,1,1,1,C1W,C1W,1482900,11,,319.75,9.69,329.44,0,329.44,,443-605-7465,23164754
2025-01-16,2025,1,1,1,C1W,,1482900,31,,0,0,0,-329.44,329.44,,,23282689
2025-01-16,2025,1,1,1,C3W,C3W,1482901,11,,594.75,26.19,620.94,0,620.94,,443-536-6436,23164755
2025-01-16,2025,1,1,1,C3W,,1482901,31,,0,0,0,-620.94,620.94,,,23282684
2025-01-16,2025,1,1,1,LONG02,LONG02,1482902,11,,3166.50,156.60,3323.10,0,0,28,389439,23164756
2025-01-16,2025,1,1,1,PETE04,PETE04,1482903,11,,310.75,0.00,310.75,0,0,,443-421-7127,23164757
2025-01-16,2025,1,3,3,EDGE01,EDGE01,1482904,11,,412.25,15.24,427.49,0,0,,5823,23164794
2025-01-16,2025,1,3,3,FOLA01,FOLA01,1482905,11,,1537.75,74.67,1612.42,0,0,,,23164795
2025-01-16,2025,1,3,3,LEDF01,LEDF01,1482906,11,,522.00,21.83,543.83,0,0,,301-748-3657,23164796
2025-01-16,2025,1,3,3,LONG02,LONG02,1482907,11,,1052.25,51.84,1104.09,0,0,,389438,23164797
2025-01-16,2025,1,3,3,MECI01,MECI01,1482908,11,,1576.25,79.68,1655.93,0,0,,710-028431,23164798
2025-01-16,2025,1,3,3,MERL01,MERL01,1482909,11,,1745.25,88.02,1833.27,0,0,3,BRIAN,23164799
2025-01-16,2025,1,3,3,MTCI01,MTCI01,1482910,11,,1761.00,88.07,1849.07,0,0,,304-283-7120 BRIAN,23164800
2025-01-16,2025,1,6,6,AVID01,AVID01,1482911,11,,1575.75,76.95,1652.70,0,0,15,,23164863
2025-01-16,2025,1,6,6,C1H,C1H,1482912,11,,718.88,43.13,762.01,0,0,,717-504-1016,23164864
2025-01-16,2025,1,6,6,FRAN05,FRAN05,1482913,11,,963.75,0.00,963.75,0,0,54,717-729-1108  NEVIN,23164865
2025-01-16,2025,1,6,6,HETZ01,HETZ01,1482914,11,,11586.00,561.60,12147.60,0,0,126,,23164866
2025-01-16,2025,1,6,6,HUNT02,HUNT02,1482915,11,,883.25,43.50,926.75,0,0,,JAKE,23164867
2025-01-16,2025,1,6,6,JOUR01,JOUR01,1482916,11,,4851.00,240.08,5091.08,0,0,,,23164868
2025-01-16,2025,1,6,6,NVRI01,NVRI01,1482917,11,,3199.00,191.94,3390.94,0,0,84,Community 1G,23164869
2025-01-16,2025,1,6,6,NVRI01,NVRI01,1482918,11,,4323.25,259.40,4582.65,0,0,87,Community GE,23164870
2025-01-16,2025,1,6,6,NVRI01,NVRI01,1482919,11,,8446.50,506.79,8953.29,0,0,84,Community 1G,23164871
2025-01-16,2025,1,6,6,REGI02,REGI02,1482920,11,,2172.50,109.56,2282.06,0,0,2,FLORIN,23164872
2025-01-16,2025,1,6,6,SIPP01,SIPP01,1482921,11,,5006.25,250.29,5256.54,0,0,,814-506-7558 TREVOR,23164873
2025-01-16,2025,1,6,6,THOM06,THOM06,1482922,11,,1790.00,0.00,1790.00,0,0,2,SLUMP,23164874
2025-01-16,2025,1,6,6,TREJ01,TREJ01,1482923,11,,1303.25,78.20,1381.45,0,0,,,23164875
2025-01-16,2025,1,6,6,VILL01,VILL01,1482924,11,,1461.75,70.11,1531.86,0,0,,DL HORTON DEVELOPMENT,23164876
2025-01-16,2025,1,6,6,WEST11,WEST11,1482925,11,,9042.38,455.02,9497.40,0,0,,,23164877
2025-01-16,2025,1,4,4,C2M,C2M,1482926,11,,1486.50,89.20,1575.70,0,0,,1-304-671-8547,23165013
2025-01-16,2025,1,4,4,FOUR05,FOUR05,1482927,11,,712.25,42.74,754.99,0,0,,304-901-6509--STEVE,23165014
2025-01-16,2025,1,4,4,FRED01,FRED01,1482928,11,,458.25,0.00,458.25,0,0,95,,23165015
2025-01-16,2025,1,4,4,GIOR01,GIOR01,1482929,11,,7335.00,440.10,7775.10,0,0,1,724-761-4495 Chris,23165016
2025-01-16,2025,1,4,4,GLOB05,GLOB05,1482930,11,,7921.25,475.28,8396.53,0,0,1,,23165017
2025-01-16,2025,1,4,4,HESS04,HESS04,1482931,11,,656.75,39.41,696.16,0,0,,304-433-5921,23165018
2025-01-16,2025,1,4,4,ILAP01,ILAP01,1482932,11,,1350.75,81.05,1431.80,0,0,,240-405-2489,23165019
2025-01-16,2025,1,4,4,JSCC01,JSCC01,1482933,11,,5676.38,340.58,6016.96,0,0,,DENNIS 703-365-0902,23165020
2025-01-16,2025,1,4,4,JSCC01,JSCC01,1482934,11,,3956.38,237.38,4193.76,0,0,,FRANKIE,23165021
2025-01-16,2025,1,4,4,NORT02,NORT02,1482935,11,,5448.00,381.36,5829.36,0,0,,R011625-12,23165022
2025-01-16,2025,1,4,4,NVRI01,NVRI01,1482936,11,,3363.75,201.83,3565.58,0,0,43,Community LM,23165023
2025-01-16,2025,1,4,4,PLEA03,PLEA03,1482937,11,,4944.75,296.69,5241.44,0,0,,RW7212,23165024
2025-01-16,2025,1,4,4,VILL01,VILL01,1482938,11,,2923.50,175.41,3098.91,0,0,,1-703-334-5838,23165025
2025-01-16,2025,1,4,4,VILL01,VILL01,1482939,11,,6215.25,372.92,6588.17,0,0,,703-334-5837,23165026
2025-01-16,2025,1,44,44,C1M,C1M,1482940,11,,1521.66,91.30,1612.96,0,1612.96,,540-428-9311,23165145
2025-01-16,2025,1,44,44,C1M,,1482940,31,,0,0,0,-1612.96,1612.96,,,23282694
2025-01-16,2025,1,44,44,THOM06,THOM06,1483368,11,,484.50,0.00,484.50,0,0,,2699,23175694
2025-01-17,2025,1,40,40,CAGG,,1482624,31,,0,0,0,-636.00,636.00,,,23286905
2025-01-17,2025,1,3,3,LILL01,,1482654,31,,0,0,0,-3089.90,3089.90,,,23286893
2025-01-17,2025,1,4,4,C3M,,1482678,31,,0,0,0,-4926.63,4926.63,,,23286938
2025-01-17,2025,1,3,3,LILL01,,1482788,31,,0,0,0,-2594.36,2594.36,,,23286898
2025-01-17,2025,1,1,1,C3W,,1482854,31,,0,0,0,-617.00,617.00,,,23286880
2025-01-17,2025,1,1,1,C3W,,1482854,41,PAJ,0,0,0,0,617.00,,,23286883
2025-01-17,2025,1,40,40,CAGG,,1482870,31,,0,0,0,-381.60,381.60,,,23286888
2025-01-17,2025,1,1,1,AXIS01,AXIS01,1482942,11,,1014.75,50.49,1065.24,0,0,,240-315-7391,23165160
2025-01-17,2025,1,1,1,AYER01,AYER01,1482943,11,,5828.00,349.68,6177.68,0,0,1,240-380-8206 BOB,23165161
2025-01-17,2025,1,1,1,C1W,C1W,1482944,11,,3864.00,196.66,4060.66,0,4060.66,,717-201-0578,23165162
2025-01-17,2025,1,1,1,C1W,,1482944,31,,0,0,0,-4060.66,4060.66,,,23286790
2025-01-17,2025,1,1,1,C1W,C1W,1482945,11,,928.25,46.20,974.45,0,0,,717-916-1095,23165163
2025-01-17,2025,1,1,1,C2CO01,C2CO01,1482946,11,,1580.25,94.82,1675.07,0,1675.07,,410-840-8733,23165164
2025-01-17,2025,1,1,1,C2CO01,,1482946,31,,0,0,0,-1675.07,1675.07,,,23286800
2025-01-17,2025,1,1,1,C3W,C3W,1482947,11,,488.25,19.80,508.05,0,508.05,,443-974-6018,23165165
2025-01-17,2025,1,1,1,C3W,,1482947,31,,0,0,0,-508.05,508.05,,,23286785
2025-01-17,2025,1,1,1,C3W,C3W,1482948,11,,804.25,38.76,843.01,0,843.01,,223-267-9441,23165166
2025-01-17,2025,1,1,1,C3W,,1482948,31,,0,0,0,-843.01,843.01,,,23286805
2025-01-17,2025,1,1,1,DREN01,DREN01,1482949,11,,4983.75,246.24,5229.99,0,0,29,,23165167
2025-01-17,2025,1,1,1,EJCO01,EJCO01,1482950,11,,679.75,31.29,711.04,0,711.04,,240-832-0313,23165168
2025-01-17,2025,1,1,1,EJCO01,,1482950,31,,0,0,0,-711.04,711.04,,,23286810
2025-01-17,2025,1,1,1,HENT01,HENT01,1482951,11,,885.00,43.61,928.61,0,0,,410-303-9713,23165169
2025-01-17,2025,1,1,1,JASO01,JASO01,1482952,11,,514.88,21.40,536.28,0,536.28,,443-547-9033,23165170
2025-01-17,2025,1,1,1,JASO01,,1482952,31,,0,0,0,-536.28,536.28,,,23286815
2025-01-17,2025,1,1,1,KURT02,KURT02,1482953,11,,9424.78,457.62,9882.40,0,0,,717-440-3663,23165171
2025-01-17,2025,1,1,1,LIME02,LIME02,1482954,11,,549.50,23.48,572.98,0,0,,610-314-8232,23165172
2025-01-17,2025,1,1,1,ORCH01,ORCH01,1482955,11,,1742.00,86.93,1828.93,0,1828.93,,717-725-9768,23165173
2025-01-17,2025,1,1,1,ORCH01,,1482955,31,,0,0,0,-1828.93,1828.93,,,23286795
2025-01-17,2025,1,1,1,PETE04,PETE04,1482956,11,,685.00,0.00,685.00,0,0,,443-421-7127,23165174
2025-01-17,2025,1,1,1,PRIO01,PRIO01,1482957,11,,1016.25,49.68,1065.93,0,0,40,443-509-0775,23165175
2025-01-17,2025,1,1,1,WEST11,WEST11,1482958,11,,9765.00,585.90,10350.90,0,0,2,301-730-1444 JOHN,23165176
2025-01-17,2025,1,3,3,C1F,C1F,1482959,11,,1121.25,55.98,1177.23,0,1177.23,,240.357.0610,23165337
2025-01-17,2025,1,3,3,C1F,,1482959,31,,0,0,0,-1177.23,1177.23,,,23286838
2025-01-17,2025,1,3,3,C2F,C2F,1482960,11,,650.25,29.52,679.77,0,679.77,,,23165338
2025-01-17,2025,1,3,3,C2F,,1482960,31,,0,0,0,-679.77,679.77,,,23286820
2025-01-17,2025,1,3,3,C3F,C3F,1482961,11,,599.25,26.46,625.71,0,625.71,,570.955.9763,23165339
2025-01-17,2025,1,3,3,C3F,,1482961,31,,0,0,0,-625.71,625.71,,,23286831
2025-01-17,2025,1,3,3,DUNC01,DUNC01,1482962,11,,1380.75,68.85,1449.60,0,0,,443.286.4177,23165340
2025-01-17,2025,1,3,3,FOLA01,FOLA01,1482963,11,,813.25,39.30,852.55,0,0,,ERIK,23165341
2025-01-17,2025,1,3,3,FOLA01,FOLA01,1482964,11,,1452.25,69.54,1521.79,0,0,,IAN,23165342
2025-01-17,2025,1,3,3,FOUN01,FOUN01,1482965,11,,3018.50,145.92,3164.42,0,0,,NICK,23165343
2025-01-17,2025,1,3,3,FRAN05,FRAN05,1482966,11,,16960.75,1017.65,17978.40,0,0,57,LUKE,23165344
2025-01-17,2025,1,3,3,G&SE01,G&SE01,1482967,11,,518.25,21.60,539.85,0,0,,301.748.7109 GUS,23165345
2025-01-17,2025,1,3,3,HUNT05,HUNT05,1482968,11,,1094.25,54.36,1148.61,0,0,,,23165346
2025-01-17,2025,1,3,3,JUST02,JUST02,1482969,11,,1288.25,62.40,1350.65,0,0,,1989,23165347
2025-01-17,2025,1,3,3,LONG02,LONG02,1482970,11,,1661.25,82.08,1743.33,0,0,,389751,23165348
2025-01-17,2025,1,3,3,MORG01,MORG01,1482971,11,,2126.75,110.01,2236.76,0,0,575,240-405-6642,23165349
2025-01-17,2025,1,3,3,MORG01,MORG01,1482972,11,,11672.50,571.29,12243.79,0,0,580,MORG,23165350
2025-01-17,2025,1,3,3,PRIO01,PRIO01,1482973,11,,10977.75,538.20,11515.95,0,0,,,23165351
2025-01-17,2025,1,3,3,SAND05,SAND05,1482974,11,,5382.75,270.18,5652.93,0,5652.93,2,CURTIS,23165352
2025-01-17,2025,1,3,3,SAND05,,1482974,31,,0,0,0,-5652.93,5652.93,2,,23286826
2025-01-17,2025,1,3,3,THOM06,THOM06,1482975,11,,449.25,0.00,449.25,0,0,3,EDGE01 16TH No.52,23165353
2025-01-17,2025,1,6,6,BERK01,BERK01,1482976,11,,4440.00,226.62,4666.62,0,0,6,24-047S,23165508
2025-01-17,2025,1,6,6,C2H,C2H,1482977,11,,314.25,9.36,323.61,0,323.61,,410-574-9100,23165509
2025-01-17,2025,1,6,6,C2H,,1482977,31,,0,0,0,-323.61,323.61,,,23286849
2025-01-17,2025,1,6,6,C2H,C2H,1482978,11,,2011.50,101.70,2113.20,0,2113.20,,301-748-0612   BRIAN,23165510
2025-01-17,2025,1,6,6,C2H,,1482978,31,,0,0,0,-2113.20,2113.20,,,23286854
2025-01-17,2025,1,6,6,FRAN05,FRAN05,1482979,11,,863.25,0.00,863.25,0,0,54,717-729-1108  NEVIN,23165511
2025-01-17,2025,1,6,6,GEES01,GEES01,1482980,11,,473.25,28.40,501.65,0,0,,717-762-1116,23165512
2025-01-17,2025,1,6,6,JSCC01,JSCC01,1482981,11,,3561.50,213.69,3775.19,0,0,,FRANKIE,23165513
2025-01-17,2025,1,6,6,LOPE01,LOPE01,1482982,11,,2304.00,138.24,2442.24,0,0,,240-291-1373,23165514
2025-01-17,2025,1,6,6,MILL19,MILL19,1482983,11,,18177.50,0.00,18177.50,0,0,6,301-491-2558,23165515
2025-01-17,2025,1,6,6,MORG01,MORG01,1482984,11,,8005.25,398.64,8403.89,0,0,585,RP,23165516
2025-01-17,2025,1,6,6,NORT02,NORT02,1482985,11,,6168.75,370.13,6538.88,0,0,,R01172506,23165517
2025-01-17,2025,1,6,6,NVRI01,NVRI01,1482986,11,,4115.25,246.92,4362.17,0,0,84,Community 1G,23165518
2025-01-17,2025,1,6,6,PANH01,PANH01,1482987,11,,1751.50,105.09,1856.59,0,0,,304-676-1206 RICK,23165519
2025-01-17,2025,1,6,6,REGI02,REGI02,1482988,11,,1810.50,89.64,1900.14,0,0,2,FLORIN,23165520
2025-01-17,2025,1,6,6,ROCK03,ROCK03,1482989,11,,12276.51,736.59,13013.10,0,0,,WOODWARD,23165521
2025-01-17,2025,1,6,6,THOM06,THOM06,1482990,11,,892.50,0.00,892.50,0,0,2,DISPATCH,23165522
2025-01-17,2025,1,6,6,TREJ01,TREJ01,1482991,11,,28534.50,1712.07,30246.57,0,0,,,23165523
2025-01-17,2025,1,6,6,WEST11,WEST11,1482992,11,,2415.00,120.51,2535.51,0,0,,,23165524
2025-01-17,2025,1,4,4,ABCI01,ABCI01,1482993,11,,32209.50,0.00,32209.50,0,0,1,435-494-9792 KYLE,23165667
2025-01-17,2025,1,4,4,ARCO02,ARCO02,1482994,11,,455.25,0.00,455.25,0,0,1,CON377-2001,23165668
2025-01-17,2025,1,4,4,C1M,C1M,1482995,11,,1673.25,117.13,1790.38,0,0,,1-304-820-6397,23165669
2025-01-17,2025,1,4,4,C3M,C3M,1482996,11,,788.25,47.30,835.55,0,0,,540-683-0676,23165670
2025-01-17,2025,1,4,4,C3M,C3M,1482997,11,,2062.50,123.76,2186.26,0,0,,304-676-8620 JAKE,23165671
2025-01-17,2025,1,4,4,C3M,C3M,1482998,11,,1015.75,60.95,1076.70,0,0,,304-676-8620 JAKE,23165672
2025-01-17,2025,1,4,4,EDGE01,EDGE01,1482999,11,,39186.00,2351.16,41537.16,0,0,67,5584,23165673
2025-01-17,2025,1,4,4,EDGE01,EDGE01,1483000,11,,9330.75,559.85,9890.60,0,0,47,5999,23165674
2025-01-17,2025,1,4,4,FOLA01,FOLA01,1483001,11,,3497.75,209.87,3707.62,0,0,,,23165675
2025-01-17,2025,1,4,4,FOUR05,FOUR05,1483002,11,,639.25,38.36,677.61,0,0,,304-901-6509--STEVE,23165676
2025-01-17,2025,1,4,4,H2CO01,H2CO01,1483003,11,,471.25,32.99,504.24,0,0,,304-283-6129 JASON,23165677
2025-01-17,2025,1,4,4,HESS04,HESS04,1483004,11,,4827.00,289.62,5116.62,0,0,,1-304-820-9584--LOLO,23165678
2025-01-17,2025,1,4,4,ILAP01,ILAP01,1483005,11,,1082.25,64.94,1147.19,0,0,,240-405-2489,23165679
2025-01-17,2025,1,4,4,JC2001,JC2001,1483006,11,,3612.25,216.75,3829.00,0,3829.00,,540-327-4558,23165680
2025-01-17,2025,1,4,4,JC2001,,1483006,31,,0,0,0,-3829.00,3829.00,,,23286844
2025-01-17,2025,1,4,4,JSCC01,JSCC01,1483007,11,,3373.38,202.40,3575.78,0,0,,DENNIS 703-365-0902,23165681
2025-01-17,2025,1,4,4,JSCC01,JSCC01,1483008,11,,15752.25,945.14,16697.39,0,0,,FRANKIE,23165682
2025-01-17,2025,1,4,4,JSCC01,JSCC01,1483009,11,,5657.88,339.47,5997.35,0,0,,FRANKIE,23165683
2025-01-17,2025,1,4,4,KINS01,KINS01,1483010,11,,1566.25,93.98,1660.23,0,0,,443-930-7625,23165684
2025-01-17,2025,1,4,4,LAST01,LAST01,1483011,11,,270.75,18.95,289.70,0,0,,1-540-748-5326,23165685
2025-01-17,2025,1,4,4,LAST01,LAST01,1483012,11,,1339.50,80.37,1419.87,0,0,,540-398-1715,23165686
2025-01-17,2025,1,4,4,MODE05,MODE05,1483013,11,,6330.75,379.85,6710.60,0,0,,703-894-7863,23165687
2025-01-17,2025,1,4,4,MORG01,MORG01,1483014,11,,4499.25,314.95,4814.20,0,0,577,SHANNON,23165688
2025-01-17,2025,1,4,4,NORT02,NORT02,1483015,11,,5812.51,406.88,6219.39,0,0,,R011725-03,23165689
2025-01-17,2025,1,4,4,NORT02,NORT02,1483016,11,,452.25,31.66,483.91,0,0,,R011725-00,23165690
2025-01-17,2025,1,4,4,NVRI01,NVRI01,1483017,11,,6334.77,380.09,6714.86,0,0,71,Community CT,23165691
2025-01-17,2025,1,4,4,NVRI01,NVRI01,1483018,11,,7790.25,467.42,8257.67,0,0,71,Community CT,23165692
2025-01-17,2025,1,4,4,NVRI01,NVRI01,1483019,11,,5699.25,341.96,6041.21,0,0,43,Community LM,23165693
2025-01-17,2025,1,4,4,PLOT01,PLOT01,1483020,11,,4307.50,258.45,4565.95,0,0,,304-839-3173,23165694
2025-01-17,2025,1,4,4,PLOT01,,1483020,31,,0,0,0,-4565.95,4565.95,,,23286869
2025-01-17,2025,1,4,4,VILL01,VILL01,1483021,11,,12121.50,727.29,12848.79,0,0,,1-703-334-5838,23165695
2025-01-17,2025,1,4,4,VILL01,VILL01,1483022,11,,5178.00,310.68,5488.68,0,0,,,23165696
2025-01-17,2025,1,44,44,C1M,C1M,1483023,11,,778.29,46.70,824.99,0,824.99,,540-428-9311,23165955
2025-01-17,2025,1,44,44,C1M,,1483023,31,,0,0,0,-824.99,824.99,,,23286864
2025-01-17,2025,1,40,40,CAGG,CAGG,1483024,11,,39.00,2.34,41.34,0,41.34,,,23165956
2025-01-17,2025,1,40,40,CAGG,,1483024,31,,0,0,0,-41.34,41.34,,,23286859
2025-01-17,2025,1,40,40,CAGG,CAGG,1483025,11,,320.00,19.20,339.20,0,0,,,23165957
2025-01-20,2025,1,44,44,B&SH01,B&SH01,1483484,11,,1331.00,79.86,1410.86,0,0,,,23177386
2025-01-22,2025,1,6,6,JOUR01,,1482661,31,,0,0,0,-506.99,506.99,,,23283176
2025-01-22,2025,1,4,4,ILAP01,,1482691,31,,0,0,0,-2268.93,2268.93,,,23283119
2025-01-22,2025,1,1,1,ATKS01,,1482708,31,,0,0,0,-748.14,10593.41,,,23283006
2025-01-22,2025,1,4,4,JBCO02,,1482739,31,,0,0,0,-11004.00,11004.00,,,23287006
2025-01-22,2025,1,4,4,JBCO02,,1482739,41,PAJ,0,0,0,0,11004.00,,,23287009
2025-01-22,2025,1,4,4,STAR02,,1482773,31,,0,0,0,-394.13,394.13,6,,23283170
2025-01-22,2025,1,4,4,C1M,,1482778,31,,0,0,0,-5776.15,5776.15,,,23286995
2025-01-22,2025,1,4,4,C1M,,1482778,41,PAJ,0,0,0,0,5776.15,,,23286998
2025-01-22,2025,1,4,4,C3M,,1482817,31,,0,0,0,-3375.58,3375.58,,,23286989
2025-01-22,2025,1,4,4,C2M,,1482926,31,,0,0,0,-1575.70,1575.70,,,23286984
2025-01-22,2025,1,1,1,C1W,,1482945,31,,0,0,0,-974.45,974.45,,,23286952
2025-01-22,2025,1,4,4,C1M,,1482995,31,,0,0,0,-1790.38,1790.38,,,23286974
2025-01-22,2025,1,4,4,C3M,,1482996,31,,0,0,0,-835.55,835.55,,,23286957
2025-01-22,2025,1,4,4,C3M,,1482997,31,,0,0,0,-2186.26,2186.26,,,23286964
2025-01-22,2025,1,4,4,C3M,,1482998,31,,0,0,0,-1076.70,1076.70,,,23286969
2025-01-22,2025,1,40,40,CAGG,,1483025,31,,0,0,0,-339.20,339.20,,,23286979
2025-01-22,2025,1,44,44,BILF01,BILF01,1483026,11,,1702.02,102.12,1804.14,0,0,,5800147242,23165989
2025-01-23,2025,1,6,6,JOUR01,JOUR01,1483027,11,,333.75,10.53,344.28,0,0,,301-667-8427,23166063
2025-01-23,2025,1,6,6,MORT01,MORT01,1483028,11,,1196.25,60.48,1256.73,0,0,,,23166064
2025-01-23,2025,1,6,6,NVRI01,NVRI01,1483029,11,,10625.25,637.52,11262.77,0,0,84,Community 1G,23166065
2025-01-23,2025,1,6,6,REGI02,REGI02,1483030,11,,1644.50,79.68,1724.18,0,0,2,FLORIN,23166066
2025-01-23,2025,1,6,6,VILL01,VILL01,1483031,11,,1780.50,84.24,1864.74,0,0,,DL HORTON DEVELOPMENT,23166067
2025-01-23,2025,1,4,4,EDGE01,EDGE01,1483032,11,,2838.00,170.28,3008.28,0,0,47,6047UO,23166117
2025-01-23,2025,1,4,4,EDGE01,EDGE01,1483033,11,,4870.50,292.23,5162.73,0,0,67,5584,23166118
2025-01-23,2025,1,4,4,MORG01,MORG01,1483034,11,,3321.75,232.52,3554.27,0,0,577,SHANNON,23166119
2025-01-23,2025,1,4,4,PLEA03,PLEA03,1483035,11,,1648.25,98.90,1747.15,0,0,,RW7212,23166120
2025-01-23,2025,1,4,4,VILL01,VILL01,1483036,11,,2589.00,155.34,2744.34,0,0,,703-334-5837,23166121
2025-01-23,2025,1,4,4,VILL01,VILL01,1483037,11,,2404.75,144.29,2549.04,0,0,,1-703-334-5838,23166122
2025-01-23,2025,1,42,42,THOM06,THOM06,1483366,11,,99.00,0.00,99.00,0,0,,2697,23175683
2025-01-24,2025,1,6,6,RICK02,,1482806,31,,0,0,0,-10254.98,23797.54,,,23284464
2025-01-24,2025,1,6,6,RICK02,,1482807,31,,0,0,0,-3461.43,23797.54,,,23284467
2025-01-24,2025,1,6,6,RICK02,,1482869,31,,0,0,0,-7466.64,23797.54,,,23284470
2025-01-24,2025,1,1,1,AYER01,AYER01,1483039,11,,3532.26,211.94,3744.20,0,0,1,240-380-8206 BOB,23167125
2025-01-24,2025,1,1,1,C1W,C1W,1483040,11,,909.75,45.09,954.84,0,954.84,,SF2-250122-2,23167126
2025-01-24,2025,1,1,1,C1W,,1483040,31,,0,0,0,-954.84,954.84,,,23290230
2025-01-24,2025,1,1,1,C3W,C3W,1483041,11,,1148.25,57.60,1205.85,0,1205.85,,223-267-9441,23167127
2025-01-24,2025,1,1,1,C3W,,1483041,31,,0,0,0,-1205.85,1205.85,,,23290225
2025-01-24,2025,1,1,1,STON09,STON09,1483042,11,,5254.50,262.49,5516.99,0,0,2,717-892-2422 ELI,23167128
2025-01-24,2025,1,1,1,THOM06,THOM06,1483043,11,,1586.38,0.00,1586.38,0,0,1,SLUMP,23167129
2025-01-24,2025,1,1,1,WEST11,WEST11,1483044,11,,2655.50,159.33,2814.83,0,0,,301-730-1444 JOHN,23167130
2025-01-24,2025,1,3,3,C2F,C2F,1483045,11,,1660.25,84.72,1744.97,0,1744.97,,443.277.9612,23167180
2025-01-24,2025,1,3,3,C2F,,1483045,31,,0,0,0,-1744.97,1744.97,,,23290235
2025-01-24,2025,1,3,3,EDGE01,EDGE01,1483046,11,,9556.75,463.74,10020.49,0,0,61,WILLIAM,23167181
2025-01-24,2025,1,3,3,FRED01,FRED01,1483047,11,,3037.50,147.06,3184.56,0,0,84,BOB,23167182
2025-01-24,2025,1,3,3,LONG02,LONG02,1483048,11,,1487.25,73.44,1560.69,0,0,,389751,23167183
2025-01-24,2025,1,3,3,MORG01,MORG01,1483049,11,,8592.50,418.98,9011.48,0,0,580,MORG,23167184
2025-01-24,2025,1,3,3,NVRI01,NVRI01,1483050,11,,8031.53,385.32,8416.85,0,0,24,LOT308   SX,23167185
2025-01-24,2025,1,3,3,WEST11,WEST11,1483051,11,,2571.50,154.29,2725.79,0,0,2,301-730-1444 JOHN,23167186
2025-01-24,2025,1,6,6,BERK01,BERK01,1483052,11,,3678.25,187.71,3865.96,0,0,6,24-047S,23167260
2025-01-24,2025,1,6,6,JOUR01,JOUR01,1483053,11,,332.75,10.47,343.22,0,0,,301-667-8427,23167261
2025-01-24,2025,1,6,6,NVRI01,NVRI01,1483054,11,,2491.50,149.49,2640.99,0,0,87,Community GE,23167262
2025-01-24,2025,1,6,6,NVRI01,NVRI01,1483055,11,,2289.00,137.34,2426.34,0,0,87,Community GE,23167263
2025-01-24,2025,1,6,6,NVRI01,NVRI01,1483056,11,,2933.00,175.98,3108.98,0,0,84,Community 1G,23167264
2025-01-24,2025,1,6,6,NVRI01,NVRI01,1483057,11,,3386.75,203.21,3589.96,0,0,71,Community CT,23167265
2025-01-24,2025,1,6,6,NVRI01,NVRI01,1483058,11,,2878.50,172.71,3051.21,0,0,71,Community CT,23167266
2025-01-24,2025,1,6,6,NVRI01,NVRI01,1483059,11,,2774.00,166.44,2940.44,0,0,84,Community 1G,23167267
2025-01-24,2025,1,6,6,NVRI01,NVRI01,1483060,11,,705.00,42.30,747.30,0,0,84,Community 1G,23167268
2025-01-24,2025,1,6,6,NVRI01,NVRI01,1483061,11,,10035.28,481.65,10516.93,0,0,24,BN/BLDG211,23167269
2025-01-24,2025,1,6,6,REGI02,REGI02,1483062,11,,2421.75,116.82,2538.57,0,0,2,FLORIN,23167270
2025-01-24,2025,1,6,6,WEST11,WEST11,1483063,11,,437.25,18.54,455.79,0,0,,BOB,23167271
2025-01-24,2025,1,40,40,MULL05,MULL05,1483064,11,,40.00,2.40,42.40,0,0,,,23167389
2025-01-24,2025,1,4,4,C1M,C1M,1483065,11,,778.25,46.70,824.95,0,824.95,,301-371-7252,23168117
2025-01-24,2025,1,4,4,C1M,,1483065,31,,0,0,0,-824.95,824.95,,,23290241
2025-01-24,2025,1,4,4,EDGE01,EDGE01,1483066,11,,13690.50,821.43,14511.93,0,0,67,5584,23168118
2025-01-24,2025,1,4,4,EDGE01,EDGE01,1483067,11,,3957.75,237.47,4195.22,0,0,47,6049UO,23168119
2025-01-24,2025,1,4,4,EDGE01,EDGE01,1483068,11,,714.25,42.86,757.11,0,0,47,6047UO,23168120
2025-01-24,2025,1,4,4,GIOR01,GIOR01,1483069,11,,2889.00,173.34,3062.34,0,0,1,724-761-4495 Chris,23168121
2025-01-24,2025,1,4,4,HESS04,HESS04,1483070,11,,2881.00,172.86,3053.86,0,0,,304-820-9584,23168122
2025-01-24,2025,1,4,4,HUNT02,HUNT02,1483071,11,,950.75,57.05,1007.80,0,0,,240-707-1355 JAKE,23168123
2025-01-24,2025,1,4,4,MORG01,MORG01,1483072,11,,3265.50,228.59,3494.09,0,0,577,SHANNON,23168124
2025-01-24,2025,1,4,4,PLEA03,PLEA03,1483073,11,,1648.25,98.90,1747.15,0,0,,RW7212,23168125
2025-01-27,2025,1,1,1,AYER01,AYER01,1483074,11,,6094.00,365.64,6459.64,0,0,1,240-380-8206 BOB,23168199
2025-01-27,2025,1,1,1,C2CO01,C2CO01,1483075,11,,1296.25,77.78,1374.03,0,1374.03,,410-840-8733,23168200
2025-01-27,2025,1,1,1,C2CO01,,1483075,31,,0,0,0,-1374.03,1374.03,,,23290246
2025-01-27,2025,1,1,1,DREN01,DREN01,1483076,11,,3094.50,150.48,3244.98,0,0,29,,23168201
2025-01-27,2025,1,1,1,MARK02,MARK02,1483077,11,,2551.50,128.70,2680.20,0,0,8,443-597-3088,23168202
2025-01-27,2025,1,1,1,PRIO01,PRIO01,1483078,11,,464.25,16.56,480.81,0,0,40,443-509-0775,23168203
2025-01-27,2025,1,1,1,WEST11,WEST11,1483079,11,,425.25,25.52,450.77,0,0,,301-730-1444 JOHN,23168204
2025-01-27,2025,1,3,3,AVID01,AVID01,1483080,11,,1236.75,61.11,1297.86,0,0,18,,23168257
2025-01-27,2025,1,3,3,BRAN01,BRAN01,1483081,11,,890.25,44.82,935.07,0,0,,MATT,23168258
2025-01-27,2025,1,3,3,GLBI01,GLBI01,1483082,11,,4368.00,205.20,4573.20,0,0,74,304.671.1317,23168259
2025-01-27,2025,1,3,3,KINS01,KINS01,1483083,11,,14394.00,730.08,15124.08,0,0,88,JEFF SMALL717-858-4610,23168260
2025-01-27,2025,1,3,3,LONG02,LONG02,1483084,11,,1313.25,64.80,1378.05,0,0,,389751,23168261
2025-01-27,2025,1,3,3,LONG02,LONG02,1483085,11,,1632.75,81.27,1714.02,0,0,,389777,23168262
2025-01-27,2025,1,3,3,WEST11,WEST11,1483086,11,,2955.50,151.14,3106.64,0,0,,BOB,23168263
2025-01-27,2025,1,6,6,BREC01,BREC01,1483087,11,,676.25,40.58,716.83,0,0,25,,23168328
2025-01-27,2025,1,6,6,DEGR01,DEGR01,1483088,11,,1388.25,68.40,1456.65,0,0,,717-729-1993,23168329
2025-01-27,2025,1,6,6,EDGE01,EDGE01,1483089,11,,599.25,0.00,599.25,0,0,,3188,23168330
2025-01-27,2025,1,6,6,MILL19,MILL19,1483090,11,,963.25,0.00,963.25,0,0,6,301-491-2558,23168331
2025-01-27,2025,1,6,6,NVRI01,NVRI01,1483091,11,,4651.25,279.08,4930.33,0,0,87,Community GE,23168332
2025-01-27,2025,1,6,6,NVRI01,NVRI01,1483092,11,,7025.51,421.53,7447.04,0,0,87,Community GE,23168333
2025-01-27,2025,1,6,6,NVRI01,NVRI01,1483093,11,,11663.52,699.81,12363.33,0,0,84,Community 1G,23168334
2025-01-27,2025,1,6,6,NVRI01,NVRI01,1483094,11,,1479.00,88.74,1567.74,0,0,87,Community GE,23168335
2025-01-27,2025,1,6,6,REGI02,REGI02,1483095,11,,1946.50,96.00,2042.50,0,0,2,FLORIN,23168336
2025-01-27,2025,1,6,6,ROMM01,ROMM01,1483096,11,,1647.00,82.62,1729.62,0,0,55,DANIEL 443-685-6305,23168337
2025-01-27,2025,1,4,4,ABCI01,ABCI01,1483097,11,,64175.25,0.00,64175.25,0,0,1,435-494-9792 KYLE,23168427
2025-01-27,2025,1,4,4,C3M,C3M,1483098,11,,3729.00,223.75,3952.75,0,3952.75,,1-301-748-2275,23168428
2025-01-27,2025,1,4,4,C3M,,1483098,31,,0,0,0,-3952.75,3952.75,,,23290251
2025-01-27,2025,1,4,4,EDGE01,EDGE01,1483099,11,,2016.50,120.99,2137.49,0,0,47,6047UO,23168429
2025-01-27,2025,1,4,4,GIOR01,GIOR01,1483100,11,,7196.00,431.76,7627.76,0,0,1,724-761-4495 Chris,23168430
2025-01-27,2025,1,4,4,H2CO01,H2CO01,1483101,11,,2534.25,177.40,2711.65,0,0,,304-283-6129 JASON,23168431
2025-01-27,2025,1,4,4,HENR05,HENR05,1483102,11,,758.25,45.50,803.75,0,0,,681-261-9379,23168432
2025-01-27,2025,1,4,4,JSCC01,JSCC01,1483103,11,,5676.76,340.61,6017.37,0,0,,FRANKIE,23168433
2025-01-27,2025,1,4,4,JSCC01,JSCC01,1483104,11,,6588.64,395.32,6983.96,0,0,,FRANKIE,23168434
2025-01-27,2025,1,4,4,JSCC01,JSCC01,1483105,11,,11923.27,715.40,12638.67,0,0,,FRANKIE,23168435
2025-01-27,2025,1,4,4,JSCC01,JSCC01,1483106,11,,6985.51,419.13,7404.64,0,0,,FRANKIE,23168436
2025-01-27,2025,1,4,4,REYE03,REYE03,1483107,11,,3785.25,227.12,4012.37,0,0,,1-304-433-5921,23168437
2025-01-27,2025,1,4,4,SWEE02,SWEE02,1483108,11,,1058.25,74.08,1132.33,0,0,,814-386-0105,23168438
2025-01-27,2025,1,4,4,VILL01,VILL01,1483109,11,,2885.25,173.12,3058.37,0,0,,1-703-334-5838,23168439
2025-01-27,2025,1,40,40,CAGG,CAGG,1483110,11,,27.50,1.65,29.15,0,0,,,23168543
2025-01-27,2025,1,40,40,CAGG,CAGG,1483111,11,,41.25,2.48,43.73,0,43.73,,,23168544
2025-01-27,2025,1,40,40,CAGG,,1483111,31,,0,0,0,-43.73,43.73,,,23290256
2025-01-27,2025,1,40,40,DORS06,DORS06,1483112,11,,200.00,12.00,212.00,0,0,,,23168545
2025-01-27,2025,1,43,43,DOUB03,DOUB03,1483113,11,,22.00,1.32,23.32,0,0,,,23168546
2025-01-27,2025,1,40,40,RFTS01,RFTS01,1483114,11,,467.50,28.05,495.55,0,0,,,23168547
2025-01-28,2025,1,6,6,REGI02,,1482617,31,,0,0,0,-2899.94,4912.44,2,,23286612
2025-01-28,2025,1,6,6,REGI02,,1482630,31,,0,0,0,-2012.50,4912.44,2,,23286615
2025-01-28,2025,1,1,1,BUST01,,1482674,31,,0,0,0,-2490.21,2490.21,3,,23286481
2025-01-28,2025,1,6,6,HENS01,,1482689,31,,0,0,0,-851.60,4177.65,,,23286492
2025-01-28,2025,1,1,1,REIS01,,1482703,31,,0,0,0,-4446.80,4446.80,,,23286543
2025-01-28,2025,1,6,6,HENS01,,1482735,31,,0,0,0,-1473.61,4177.65,,,23286495
2025-01-28,2025,1,6,6,HENS01,,1482736,31,,0,0,0,-757.89,4177.65,,,23286498
2025-01-28,2025,1,4,4,NORT02,,1482752,31,,0,0,0,-5280.84,39854.27,,,23286387
2025-01-28,2025,1,6,6,NORT02,,1482753,31,,0,0,0,-5699.37,39854.27,,,23286391
2025-01-28,2025,1,3,3,PWII01,,1482769,31,,0,0,0,-3936.83,3936.83,15,,23286453
2025-01-28,2025,1,6,6,JOUR01,,1482784,31,,0,0,0,-6302.22,11393.30,,,23286440
2025-01-28,2025,1,6,6,NORT02,,1482792,31,,0,0,0,-9927.02,39854.27,,,23286395
2025-01-28,2025,1,1,1,AYER01,,1482853,31,,0,0,0,-7722.10,11304.65,1,,23286597
2025-01-28,2025,1,1,1,AYER01,,1482872,31,,0,0,0,-3582.55,11304.65,1,,23286600
2025-01-28,2025,1,3,3,MTCI01,,1482910,31,,0,0,0,-1849.07,1849.07,,,23286508
2025-01-28,2025,1,6,6,JOUR01,,1482916,31,,0,0,0,-5091.08,11393.30,,,23286443
2025-01-28,2025,1,4,4,NORT02,,1482935,31,,0,0,0,-5791.36,39854.27,,,23286399
2025-01-28,2025,1,6,6,NORT02,,1482985,31,,0,0,0,-6495.88,39854.27,,,23286403
2025-01-28,2025,1,4,4,NORT02,,1483015,31,,0,0,0,-6178.89,39854.27,,,23286407
2025-01-28,2025,1,4,4,NORT02,,1483016,31,,0,0,0,-480.91,39854.27,,,23286411
2025-01-28,2025,1,1,1,AXIS01,AXIS01,1483115,11,,2095.50,104.94,2200.44,0,0,,240-315-7391,23169741
2025-01-28,2025,1,1,1,C1W,C1W,1483116,11,,3636.00,182.98,3818.98,0,3818.98,,703-717-8396,23169742
2025-01-28,2025,1,1,1,C1W,,1483116,31,,0,0,0,-3818.98,3818.98,,,23290271
2025-01-28,2025,1,1,1,C3W,C3W,1483117,11,,1008.25,49.20,1057.45,0,0,,717-881-4377,23169743
2025-01-28,2025,1,1,1,C3W,C3W,1483118,11,,760.25,36.12,796.37,0,796.37,,443-375-8261,23169744
2025-01-28,2025,1,1,1,C3W,,1483118,31,,0,0,0,-796.37,796.37,,,23290261
2025-01-28,2025,1,1,1,C3W,C3W,1483119,11,,488.25,19.80,508.05,0,508.05,,,23169745
2025-01-28,2025,1,1,1,C3W,,1483119,31,,0,0,0,-508.05,508.05,,,23290266
2025-01-28,2025,1,1,1,PATT02,PATT02,1483120,11,,1416.25,70.08,1486.33,0,0,,JAY,23169746
2025-01-28,2025,1,3,3,AVID01,AVID01,1483121,11,,1675.50,82.94,1758.44,0,0,18,,23169803
2025-01-28,2025,1,3,3,BRAN01,BRAN01,1483122,11,,1148.25,57.60,1205.85,0,0,,,23169804
2025-01-28,2025,1,3,3,C2F,C2F,1483123,11,,486.25,19.68,505.93,0,505.93,,,23169805
2025-01-28,2025,1,3,3,C2F,,1483123,31,,0,0,0,-505.93,505.93,,,23290278
2025-01-28,2025,1,3,3,DIVE01,DIVE01,1483124,11,,384.00,13.55,397.55,0,397.55,,,23169806
2025-01-28,2025,1,3,3,DIVE01,,1483124,31,,0,0,0,-397.55,397.55,,,23290283
2025-01-28,2025,1,3,3,EDGE01,EDGE01,1483125,11,,4869.75,239.40,5109.15,0,0,45,2819,23169807
2025-01-28,2025,1,3,3,FOLA01,FOLA01,1483126,11,,813.25,39.30,852.55,0,0,,,23169808
2025-01-28,2025,1,3,3,FRED01,FRED01,1483127,11,,3531.75,172.62,3704.37,0,0,84,BOB,23169809
2025-01-28,2025,1,3,3,MORG01,MORG01,1483128,11,,1368.25,67.20,1435.45,0,0,580,MORG,23169810
2025-01-28,2025,1,3,3,MTCI01,MTCI01,1483129,11,,3636.00,182.97,3818.97,0,0,,304-283-7120 BRIAN,23169811
2025-01-28,2025,1,3,3,SODY01,SODY01,1483130,11,,4132.00,206.34,4338.34,0,0,14,,23169812
2025-01-28,2025,1,3,3,STAM09,STAM09,1483131,11,,672.00,30.83,702.83,0,702.83,,443.370.2179,23169813
2025-01-28,2025,1,3,3,WAYN02,WAYN02,1483132,11,,348.75,11.43,360.18,0,0,98,TERRY 717-387-9576,23169814
2025-01-28,2025,1,6,6,C1H,C1H,1483133,11,,476.25,19.08,495.33,0,0,,301-988-5817,23169937
2025-01-28,2025,1,6,6,C2H,C2H,1483134,11,,1080.75,54.45,1135.20,0,0,,717-414-3974 IAN,23169938
2025-01-28,2025,1,6,6,HENS01,HENS01,1483135,11,,1229.75,60.69,1290.44,0,0,,,23169939
2025-01-28,2025,1,6,6,HENS01,HENS01,1483136,11,,811.50,40.10,851.60,0,0,,,23169940
2025-01-28,2025,1,6,6,JOUR01,JOUR01,1483137,11,,332.75,10.47,343.22,0,0,,301-667-8427,23169941
2025-01-28,2025,1,6,6,MART35,MART35,1483138,11,,1496.25,75.33,1571.58,0,0,,301-491-2589,23169942
2025-01-28,2025,1,6,6,MILL19,MILL19,1483139,11,,15522.75,0.00,15522.75,0,0,6,301-491-2558,23169943
2025-01-28,2025,1,6,6,MIMC01,MIMC01,1483140,11,,3094.50,150.48,3244.98,0,0,24,,23169944
2025-01-28,2025,1,6,6,NVRI01,NVRI01,1483141,11,,5315.50,318.93,5634.43,0,0,87,Community GE,23169945
2025-01-28,2025,1,6,6,NVRI01,NVRI01,1483142,11,,2921.00,175.26,3096.26,0,0,84,Community 1G,23169946
2025-01-28,2025,1,6,6,NVRI01,NVRI01,1483143,11,,5072.75,304.37,5377.12,0,0,87,Community GE,23169947
2025-01-28,2025,1,6,6,ORCH01,ORCH01,1483144,11,,8208.13,409.48,8617.61,0,0,,717-725-9768,23169948
2025-01-28,2025,1,6,6,PANH01,PANH01,1483145,11,,4963.75,297.83,5261.58,0,0,,301-667-8427,23169949
2025-01-28,2025,1,6,6,REGI02,REGI02,1483146,11,,638.25,28.80,667.05,0,0,2,FLORIN,23169950
2025-01-28,2025,1,6,6,REGI02,REGI02,1483147,11,,2314.50,116.28,2430.78,0,0,2,FLORIN,23169951
2025-01-28,2025,1,6,6,TRIP02,TRIP02,1483148,11,,2298.00,113.49,2411.49,0,0,,,23169952
2025-01-28,2025,1,6,6,VILL01,VILL01,1483149,11,,5362.00,254.04,5616.04,0,0,,,23169953
2025-01-28,2025,1,4,4,COGA01,COGA01,1483150,11,,5297.25,317.84,5615.09,0,0,,1-540-514-9175,23170112
2025-01-28,2025,1,4,4,COST03,COST03,1483151,11,,424.25,25.46,449.71,0,0,25,,23170113
2025-01-28,2025,1,4,4,EDGE01,EDGE01,1483152,11,,5916.00,354.96,6270.96,0,0,47,6047UO,23170114
2025-01-28,2025,1,4,4,EDGE01,EDGE01,1483153,11,,6845.25,410.72,7255.97,0,0,67,5584,23170115
2025-01-28,2025,1,4,4,FOUR05,FOUR05,1483154,11,,1064.25,63.86,1128.11,0,0,,304-901-6509--STEVE,23170116
2025-01-28,2025,1,4,4,GIOR01,GIOR01,1483155,11,,5597.50,335.85,5933.35,0,0,1,724-761-4495 Chris,23170117
2025-01-28,2025,1,4,4,GLOB05,GLOB05,1483156,11,,698.25,41.90,740.15,0,0,1,,23170118
2025-01-28,2025,1,4,4,H2CO01,H2CO01,1483157,11,,579.50,40.57,620.07,0,0,,304-283-6129 JASON,23170119
2025-01-28,2025,1,4,4,HESS04,HESS04,1483158,11,,8002.88,480.17,8483.05,0,0,,1-304-820-9584--LOLO,23170120
2025-01-28,2025,1,4,4,JSCC01,JSCC01,1483159,11,,1678.25,100.70,1778.95,0,0,,FRANKIE,23170121
2025-01-28,2025,1,4,4,JSCC01,JSCC01,1483160,11,,4143.00,248.58,4391.58,0,0,,DENNIS 703-365-0902,23170122
2025-01-28,2025,1,4,4,JSCC01,JSCC01,1483161,11,,10262.13,615.73,10877.86,0,0,,FRANKIE,23170123
2025-01-28,2025,1,4,4,JSCC01,JSCC01,1483162,11,,2021.25,121.28,2142.53,0,0,,FRANKIE,23170124
2025-01-28,2025,1,4,4,JSCC01,JSCC01,1483163,11,,10144.89,710.14,10855.03,0,0,,703.368.0552,23170125
2025-01-28,2025,1,4,4,JSCC01,JSCC01,1483164,11,,4314.00,301.98,4615.98,0,0,,703.368.0552,23170126
2025-01-28,2025,1,4,4,JSCC01,JSCC01,1483165,11,,559.00,33.54,592.54,0,0,,FRANKIE,23170127
2025-01-28,2025,1,4,4,NVRI01,NVRI01,1483166,11,,3227.25,193.64,3420.89,0,0,71,Community CT,23170128
2025-01-28,2025,1,4,4,PANH01,PANH01,1483167,11,,2581.50,154.89,2736.39,0,0,,540-327-3421 RAPHEAL,23170129
2025-01-28,2025,1,4,4,STAR02,STAR02,1483168,11,,1414.25,84.86,1499.11,0,0,,703-777-4723,23170130
2025-01-28,2025,1,4,4,STAR02,STAR02,1483169,11,,4769.00,286.14,5055.14,0,0,,703-777-4723,23170131
2025-01-28,2025,1,4,4,STON10,STON10,1483170,11,,1775.25,124.27,1899.52,0,1899.52,,540-327-3421,23170132
2025-01-28,2025,1,4,4,STON10,,1483170,31,,0,0,0,-1899.52,1899.52,,,23290288
2025-01-28,2025,1,4,4,VILL01,VILL01,1483171,11,,2295.00,137.70,2432.70,0,0,,703-334-5837,23170133
2025-01-28,2025,1,4,4,VILL01,VILL01,1483172,11,,4252.50,255.15,4507.65,0,0,,1-703-334-5838,23170134
2025-01-28,2025,1,40,40,CAGG,CAGG,1483173,11,,52.00,3.12,55.12,0,55.12,,,23170324
2025-01-28,2025,1,40,40,CAGG,,1483173,31,,0,0,0,-55.12,55.12,,,23290293
2025-01-28,2025,1,40,40,CAGG,CAGG,1483174,11,,55.00,3.30,58.30,0,58.30,,,23170325
2025-01-28,2025,1,40,40,CAGG,,1483174,31,,0,0,0,-58.30,58.30,,,23290317
2025-01-28,2025,1,40,40,COBL02,COBL02,1483175,11,,120.00,7.20,127.20,0,0,,,23170326
2025-01-29,2025,1,6,6,INTH01,,1482738,31,,0,0,0,-415.83,1184.60,,,23290851
2025-01-29,2025,1,3,3,STAM09,,1483131,31,,0,0,0,-702.83,702.83,,,23290856
2025-01-29,2025,1,1,1,AYER01,AYER01,1483176,11,,2090.00,125.40,2215.40,0,0,1,240-380-8206 BOB,23170342
2025-01-29,2025,1,1,1,C1W,C1W,1483177,11,,784.50,35.78,820.28,0,820.28,,301-873-3668,23170343
2025-01-29,2025,1,1,1,C1W,,1483177,31,,0,0,0,-820.28,820.28,,,23290816
2025-01-29,2025,1,1,1,C1W,C1W,1483178,11,,1860.75,94.05,1954.80,0,0,,717-916-1095,23170344
2025-01-29,2025,1,1,1,C3W,C3W,1483179,11,,488.25,19.80,508.05,0,508.05,,443-974-6018,23170345
2025-01-29,2025,1,1,1,C3W,,1483179,31,,0,0,0,-508.05,508.05,,,23290822
2025-01-29,2025,1,1,1,GROV03,GROV03,1483180,11,,313.88,11.14,325.02,0,0,,,23170346
2025-01-29,2025,1,1,1,HENT01,HENT01,1483181,11,,457.25,17.94,475.19,0,0,,410-303-9713,23170347
2025-01-29,2025,1,1,1,MIDA04,MIDA04,1483182,11,,475.25,19.02,494.27,0,0,,717-418-5112,23170348
2025-01-29,2025,1,1,1,PATT02,PATT02,1483183,11,,3360.50,166.44,3526.94,0,0,,JAY,23170349
2025-01-29,2025,1,1,1,ULTI03,ULTI03,1483184,11,,11802.75,600.30,12403.05,0,12403.05,,410-245-7023,23170350
2025-01-29,2025,1,1,1,ULTI03,,1483184,31,,0,0,0,-12403.05,12403.05,,,23290809
2025-01-29,2025,1,3,3,C1F,C1F,1483185,11,,1745.25,88.02,1833.27,0,0,,301.639.8626,23170432
2025-01-29,2025,1,3,3,EDGE01,EDGE01,1483186,11,,4869.75,239.40,5109.15,0,0,45,2819,23170433
2025-01-29,2025,1,3,3,FOLA01,FOLA01,1483187,11,,818.25,39.60,857.85,0,0,,IAN,23170434
2025-01-29,2025,1,3,3,FOLA01,FOLA01,1483188,11,,1423.75,67.83,1491.58,0,0,,IAN,23170435
2025-01-29,2025,1,3,3,FOLA01,FOLA01,1483189,11,,1626.50,78.60,1705.10,0,0,,,23170436
2025-01-29,2025,1,3,3,FRAN05,FRAN05,1483190,11,,2057.50,123.45,2180.95,0,0,57,LUKE,23170437
2025-01-29,2025,1,3,3,LEDF01,LEDF01,1483191,11,,885.75,43.65,929.40,0,0,,301-748-3657,23170438
2025-01-29,2025,1,3,3,LILL01,LILL01,1483192,11,,1509.00,90.55,1599.55,0,0,,,23170439
2025-01-29,2025,1,3,3,LONG02,LONG02,1483193,11,,1632.75,81.27,1714.02,0,0,,389777,23170440
2025-01-29,2025,1,3,3,MORG01,MORG01,1483194,11,,3303.50,163.02,3466.52,0,0,583,240.405.6642,23170441
2025-01-29,2025,1,3,3,POOL09,POOL09,1483195,11,,918.25,45.60,963.85,0,0,,,23170442
2025-01-29,2025,1,3,3,PRIO01,PRIO01,1483196,11,,7265.25,356.04,7621.29,0,0,,,23170443
2025-01-29,2025,1,3,3,SMIT01,SMIT01,1483197,11,,28352.75,1348.77,29701.52,0,0,35,STUART,23170444
2025-01-29,2025,1,3,3,SODY01,SODY01,1483198,11,,8262.50,409.98,8672.48,0,0,13,WILMER443-838-8759,23170445
2025-01-29,2025,1,3,3,WEST11,WEST11,1483199,11,,2571.50,128.10,2699.60,0,0,,,23170446
2025-01-29,2025,1,6,6,C3M,C3M,1483200,11,,3550.50,213.04,3763.54,0,0,,304-839-7983--STEVE,23170590
2025-01-29,2025,1,6,6,FOLA01,FOLA01,1483201,11,,3550.75,172.86,3723.61,0,0,,,23170591
2025-01-29,2025,1,6,6,HENS01,HENS01,1483202,11,,880.75,43.35,924.10,0,0,,,23170592
2025-01-29,2025,1,6,6,HENS01,HENS01,1483203,11,,573.75,26.73,600.48,0,0,,,23170593
2025-01-29,2025,1,6,6,HETZ01,HETZ01,1483204,11,,1528.25,74.10,1602.35,0,0,126,,23170594
2025-01-29,2025,1,6,6,HORS01,HORS01,1483205,11,,463.25,18.30,481.55,0,0,,,23170595
2025-01-29,2025,1,6,6,JSCC01,JSCC01,1483206,11,,10714.14,642.85,11356.99,0,0,,FRANKIE,23170596
2025-01-29,2025,1,6,6,MIMC01,MIMC01,1483207,11,,3094.50,150.48,3244.98,0,0,24,,23170597
2025-01-29,2025,1,6,6,NORT02,NORT02,1483208,11,,3872.25,182.25,4054.50,0,0,,R-01292500,23170598
2025-01-29,2025,1,6,6,NVRI01,NVRI01,1483209,11,,5611.75,336.71,5948.46,0,0,87,Community GE,23170599
2025-01-29,2025,1,6,6,NVRI01,NVRI01,1483210,11,,1518.75,91.13,1609.88,0,0,87,Community GE,23170600
2025-01-29,2025,1,6,6,NVRI01,NVRI01,1483211,11,,1280.25,76.82,1357.07,0,0,87,Community GE,23170601
2025-01-29,2025,1,6,6,NVRI01,NVRI01,1483212,11,,11817.00,709.02,12526.02,0,0,84,Community 1G,23170602
2025-01-29,2025,1,6,6,PSVC01,PSVC01,1483213,11,,1488.25,89.30,1577.55,0,1577.55,,301-305-8902,23170603
2025-01-29,2025,1,6,6,PSVC01,,1483213,31,,0,0,0,-1577.55,1577.55,,,23290842
2025-01-29,2025,1,6,6,REGI02,REGI02,1483214,11,,1650.50,78.24,1728.74,0,0,2,FLORIN,23170604
2025-01-29,2025,1,6,6,RNGC01,RNGC01,1483215,11,,3493.50,174.42,3667.92,0,0,9,856-979-3801   TOM,23170605
2025-01-29,2025,1,4,4,AC&T01,AC&T01,1483216,11,,804.75,48.29,853.04,0,0,,301-991-4767 VERNON,23172270
2025-01-29,2025,1,4,4,BRAG01,BRAG01,1483217,11,,806.25,48.38,854.63,0,0,66,1-301-573-4528,23172271
2025-01-29,2025,1,4,4,C1M,C1M,1483218,11,,3484.00,209.04,3693.04,0,3693.04,,304-859-2703 randy,23172272
2025-01-29,2025,1,4,4,C1M,,1483218,31,,0,0,0,-3693.04,3693.04,,,23290832
2025-01-29,2025,1,4,4,C3M,C3M,1483219,11,,590.25,35.42,625.67,0,0,,304-839-7983,23172273
2025-01-29,2025,1,4,4,C3M,C3M,1483220,11,,612.75,42.89,655.64,0,0,,1-681-261-9379,23172274
2025-01-29,2025,1,4,4,CROU02,CROU02,1483221,11,,9341.50,560.49,9901.99,0,0,2,JOE 717-808-7610,23172275
2025-01-29,2025,1,4,4,EDGE01,EDGE01,1483222,11,,18151.50,1089.09,19240.59,0,0,67,5584,23172276
2025-01-29,2025,1,4,4,FRED01,FRED01,1483223,11,,608.25,0.00,608.25,0,0,95,240-397-1441,23172277
2025-01-29,2025,1,4,4,FRED01,FRED01,1483224,11,,2678.50,187.50,2866.00,0,0,100,JEFF 240-446-4952,23172278
2025-01-29,2025,1,4,4,GIOR01,GIOR01,1483225,11,,4260.75,255.65,4516.40,0,0,1,724-761-4495 Chris,23172279
2025-01-29,2025,1,4,4,GLOB05,GLOB05,1483226,11,,15578.25,934.70,16512.95,0,0,1,,23172280
2025-01-29,2025,1,4,4,GREE21,GREE21,1483227,11,,1580.50,110.64,1691.14,0,0,4,703-530-9777,23172281
2025-01-29,2025,1,4,4,GREY03,GREY03,1483228,11,,1226.25,85.84,1312.09,0,0,1,540-935-9722,23172282
2025-01-29,2025,1,4,4,HESS04,HESS04,1483229,11,,5370.50,322.23,5692.73,0,0,,304-582-9810,23172283
2025-01-29,2025,1,4,4,JC2001,JC2001,1483230,11,,2641.50,158.50,2800.00,0,2800.00,,540-327-4558,23172284
2025-01-29,2025,1,4,4,JC2001,,1483230,31,,0,0,0,-2800.00,2800.00,,,23290827
2025-01-29,2025,1,4,4,JSCC01,JSCC01,1483231,11,,4070.76,244.25,4315.01,0,0,,FRANKIE,23172285
2025-01-29,2025,1,4,4,JSCC01,JSCC01,1483232,11,,8476.88,508.61,8985.49,0,0,,DENNIS,23172286
2025-01-29,2025,1,4,4,JSCC01,JSCC01,1483233,11,,4623.25,323.63,4946.88,0,0,,703.368.0552,23172287
2025-01-29,2025,1,4,4,JWBC01,JWBC01,1483234,11,,2365.50,165.58,2531.08,0,2531.08,,304-676-2527,23172288
2025-01-29,2025,1,4,4,JWBC01,,1483234,31,,0,0,0,-2531.08,2531.08,,,23290837
2025-01-29,2025,1,4,4,KIRB02,KIRB02,1483235,11,,1260.75,75.65,1336.40,0,0,,304-274-2759,23172289
2025-01-29,2025,1,4,4,LEEM01,LEEM01,1483236,11,,3396.50,203.79,3600.29,0,0,2,681-283-0686,23172290
2025-01-29,2025,1,4,4,MORG01,MORG01,1483237,11,,1585.25,110.97,1696.22,0,0,577,SHANNON,23172291
2025-01-29,2025,1,4,4,NVRI01,NVRI01,1483238,11,,2640.50,158.43,2798.93,0,0,43,Community LM,23172292
2025-01-29,2025,1,4,4,NVRI01,NVRI01,1483239,11,,1699.50,101.97,1801.47,0,0,43,Community LM,23172293
2025-01-29,2025,1,4,4,PANH01,PANH01,1483240,11,,606.75,36.41,643.16,0,0,,304-667-8427,23172294
2025-01-29,2025,1,4,4,PANH01,PANH01,1483241,11,,878.25,52.70,930.95,0,0,,1-540-327-3421,23172295
2025-01-29,2025,1,4,4,PLOT01,PLOT01,1483242,11,,5884.50,353.07,6237.57,0,0,,1-304-839-3173,23172296
2025-01-29,2025,1,4,4,SWEE02,SWEE02,1483243,11,,883.25,61.83,945.08,0,0,,814-386-0105,23172297
2025-01-29,2025,1,4,4,VILL01,VILL01,1483244,11,,3148.50,188.91,3337.41,0,0,,1-703-334-5838,23172298
2025-01-29,2025,1,4,4,VILL01,VILL01,1483245,11,,5695.50,341.73,6037.23,0,0,,1-703-334-5838,23172299
2025-01-30,2025,1,1,1,AYER01,AYER01,1483246,11,,6751.25,405.08,7156.33,0,0,1,240-380-8206 BOB,23172544
2025-01-30,2025,1,1,1,C1W,C1W,1483247,11,,1770.50,88.64,1859.14,0,1859.14,,717-740-3147,23172545
2025-01-30,2025,1,1,1,C1W,,1483247,31,,0,0,0,-1859.14,1859.14,,,23292508
2025-01-30,2025,1,1,1,C1W,C1W,1483248,11,,935.75,46.65,982.40,0,982.40,,717-740-3147,23172546
2025-01-30,2025,1,1,1,C1W,,1483248,31,,0,0,0,-982.40,982.40,,,23292514
2025-01-30,2025,1,1,1,C1W,C1W,1483249,11,,3631.25,182.69,3813.94,0,3813.94,,240-876-4909,23172547
2025-01-30,2025,1,1,1,C1W,,1483249,31,,0,0,0,-3813.94,3813.94,,,23292519
2025-01-30,2025,1,1,1,LILL01,LILL01,1483250,11,,1130.25,67.82,1198.07,0,0,,,23172548
2025-01-30,2025,1,1,1,NORT02,NORT02,1483251,11,,2405.00,144.30,2549.30,0,0,,RO1302504,23172549
2025-01-30,2025,1,1,1,PATT02,PATT02,1483252,11,,2920.50,144.54,3065.04,0,0,,JAY,23172550
2025-01-30,2025,1,1,1,PRIO01,PRIO01,1483253,11,,3984.75,198.00,4182.75,0,0,,,23172551
2025-01-30,2025,1,1,1,PRIO01,PRIO01,1483254,11,,1016.25,49.68,1065.93,0,0,,,23172552
2025-01-30,2025,1,1,1,WEST11,WEST11,1483255,11,,2571.50,154.29,2725.79,0,0,2,301-730-1444 JOHN,23172553
2025-01-30,2025,1,1,1,WEST11,WEST11,1483256,11,,2571.50,154.29,2725.79,0,0,2,301-730-1444 JOHN,23172554
2025-01-30,2025,1,3,3,AVID01,AVID01,1483257,11,,3973.50,196.43,4169.93,0,0,18,,23172645
2025-01-30,2025,1,3,3,BARR05,BARR05,1483258,11,,1334.25,0.00,1334.25,0,0,3,,23172646
2025-01-30,2025,1,3,3,CONE01,CONE01,1483259,11,,17572.50,809.37,18381.87,0,0,52,11886.0001,23172647
2025-01-30,2025,1,3,3,FOLA01,FOLA01,1483260,11,,5923.00,285.00,6208.00,0,0,,IAN,23172648
2025-01-30,2025,1,3,3,FOLA01,FOLA01,1483261,11,,696.75,33.21,729.96,0,0,,BRIAN,23172649
2025-01-30,2025,1,3,3,FRAN05,FRAN05,1483262,11,,926.75,55.61,982.36,0,0,57,LUKE,23172650
2025-01-30,2025,1,3,3,FRED01,FRED01,1483263,11,,734.25,34.56,768.81,0,0,93,BOB,23172651
2025-01-30,2025,1,3,3,GLBI01,GLBI01,1483264,11,,914.25,43.56,957.81,0,0,74,304.671.1317,23172652
2025-01-30,2025,1,3,3,LONG02,LONG02,1483265,11,,910.75,45.15,955.90,0,0,,389777,23172653
2025-01-30,2025,1,3,3,MERL01,MERL01,1483266,11,,1455.75,73.35,1529.10,0,0,3,BRIAN,23172654
2025-01-30,2025,1,3,3,MORG01,MORG01,1483267,11,,6591.75,317.43,6909.18,0,0,580,MORG,23172655
2025-01-30,2025,1,3,3,NVRI01,NVRI01,1483268,11,,3185.25,150.93,3336.18,0,0,25,UA/BRAKE&REPLACE,23172656
2025-01-30,2025,1,3,3,POLE01,POLE01,1483269,11,,596.25,26.28,622.53,0,0,,240.520.5798,23172657
2025-01-30,2025,1,3,3,YOUN05,YOUN05,1483270,11,,2829.00,141.75,2970.75,0,0,,JAMES,23172658
2025-01-30,2025,1,6,6,C2H,C2H,1483271,11,,656.25,39.38,695.63,0,695.63,,717-217-9451  PATRICK,23172782
2025-01-30,2025,1,6,6,C2H,,1483271,31,,0,0,0,-695.63,695.63,,,23292555
2025-01-30,2025,1,6,6,C3H,C3H,1483272,11,,1803.75,108.23,1911.98,0,0,,717-816-1392,23172783
2025-01-30,2025,1,6,6,CITY05,CITY05,1483273,11,,426.75,0.00,426.75,0,0,23,Q1821.24,23172784
2025-01-30,2025,1,6,6,ENCO02,ENCO02,1483274,11,,476.25,19.08,495.33,0,0,,240-409-3981,23172785
2025-01-30,2025,1,6,6,FOLA01,FOLA01,1483275,11,,257.25,7.74,264.99,0,0,475,,23172786
2025-01-30,2025,1,6,6,GEES01,GEES01,1483276,11,,615.75,36.95,652.70,0,0,,,23172787
2025-01-30,2025,1,6,6,HENS01,HENS01,1483277,11,,1560.75,76.95,1637.70,0,0,,,23172788
2025-01-30,2025,1,6,6,JSCC01,JSCC01,1483278,11,,4106.88,246.41,4353.29,0,0,,FRANKIE,23172789
2025-01-30,2025,1,6,6,JSCC01,JSCC01,1483279,11,,9050.13,543.01,9593.14,0,0,,FRANKIE,23172790
2025-01-30,2025,1,6,6,JSCC01,JSCC01,1483280,11,,1381.00,82.86,1463.86,0,0,,DENNIS 703-365-0902,23172791
2025-01-30,2025,1,6,6,KINS01,KINS01,1483281,11,,3054.00,183.24,3237.24,0,0,92,571-328-0749,23172792
2025-01-30,2025,1,6,6,MIMC01,MIMC01,1483282,11,,2608.50,126.72,2735.22,0,0,24,,23172793
2025-01-30,2025,1,6,6,NATU01,NATU01,1483283,11,,960.75,48.15,1008.90,0,0,,,23172794
2025-01-30,2025,1,6,6,NVRI01,NVRI01,1483284,11,,1518.75,91.13,1609.88,0,0,87,Community GE,23172795
2025-01-30,2025,1,6,6,NVRI01,NVRI01,1483285,11,,1121.25,67.28,1188.53,0,0,84,Community 1G,23172796
2025-01-30,2025,1,6,6,NVRI01,NVRI01,1483286,11,,2074.50,124.47,2198.97,0,0,71,Community CT,23172797
2025-01-30,2025,1,6,6,ORCH01,ORCH01,1483287,11,,4222.25,210.46,4432.71,0,4432.71,,717-725-9768,23172798
2025-01-30,2025,1,6,6,ORCH01,,1483287,31,,0,0,0,-4432.71,4432.71,,,23292550
2025-01-30,2025,1,6,6,REGI02,REGI02,1483288,11,,1756.50,86.40,1842.90,0,0,2,FLORIN,23172799
2025-01-30,2025,1,6,6,RNGC01,RNGC01,1483289,11,,3493.50,174.42,3667.92,0,0,9,856-979-3801   TOM,23172800
2025-01-30,2025,1,6,6,ROCK03,ROCK03,1483290,11,,736.25,34.68,770.93,0,0,,RON,23172801
2025-01-30,2025,1,6,6,THOM06,THOM06,1483291,11,,1875.00,0.00,1875.00,0,0,8,,23172802
2025-01-30,2025,1,6,6,THOM06,THOM06,1483292,11,,1700.50,0.00,1700.50,0,0,2,SLUMP,23172803
2025-01-30,2025,1,6,6,TRIT01,TRIT01,1483293,11,,804.75,36.99,841.74,0,0,19,22-10-005,23172804
2025-01-30,2025,1,6,6,VILL01,VILL01,1483294,11,,4039.75,191.40,4231.15,0,0,,,23172805
2025-01-30,2025,1,40,40,ALLS03,ALLS03,1483295,11,,800.00,48.00,848.00,0,848.00,,,23173008
2025-01-30,2025,1,40,40,ALLS03,,1483295,31,,0,0,0,-848.00,848.00,,,23292560
2025-01-30,2025,1,43,43,CAGG,CAGG,1483296,11,,169.00,10.14,179.14,0,0,,,23173009
2025-01-30,2025,1,40,40,CAPL04,CAPL04,1483297,11,,82.50,4.95,87.45,0,0,,,23173010
2025-01-30,2025,1,4,4,ABCI01,ABCI01,1483298,11,,17912.25,0.00,17912.25,0,0,1,435-494-9792 KYLE,23174191
2025-01-30,2025,1,4,4,ALLC02,ALLC02,1483299,11,,3061.50,183.69,3245.19,0,0,1,121-01R,23174192
2025-01-30,2025,1,4,4,ARCO02,ARCO02,1483300,11,,45063.01,0.00,45063.01,0,0,1,CON377-2001,23174193
2025-01-30,2025,1,4,4,C1M,C1M,1483301,11,,2956.50,177.40,3133.90,0,0,,304-443-5921,23174194
2025-01-30,2025,1,4,4,C3M,C3M,1483302,11,,1233.25,74.00,1307.25,0,1307.25,,1-304-676-8620,23174195
2025-01-30,2025,1,4,4,C3M,,1483302,31,,0,0,0,-1307.25,1307.25,,,23292530
2025-01-30,2025,1,4,4,C3M,C3M,1483303,11,,746.25,44.78,791.03,0,791.03,,1-301-748-2275,23174196
2025-01-30,2025,1,4,4,C3M,,1483303,31,,0,0,0,-791.03,791.03,,,23292539
2025-01-30,2025,1,4,4,EDGE01,EDGE01,1483304,11,,9833.25,590.00,10423.25,0,0,67,5584,23174197
2025-01-30,2025,1,4,4,EDGE01,EDGE01,1483305,11,,9655.25,579.32,10234.57,0,0,47,6047UO,23174198
2025-01-30,2025,1,4,4,EDGE01,EDGE01,1483306,11,,1022.25,61.34,1083.59,0,0,47,5716,23174199
2025-01-30,2025,1,4,4,FOLA01,FOLA01,1483307,11,,2148.00,128.88,2276.88,0,0,,,23174200
2025-01-30,2025,1,4,4,FOUR05,FOUR05,1483308,11,,3192.75,191.57,3384.32,0,0,,304-901-6509--STEVE,23174201
2025-01-30,2025,1,4,4,FRED01,FRED01,1483309,11,,10913.75,0.00,10913.75,0,0,98,240-446-4952 JEFF,23174202
2025-01-30,2025,1,4,4,GIOR01,GIOR01,1483310,11,,995.50,59.73,1055.23,0,0,1,724-761-4495 Chris,23174203
2025-01-30,2025,1,4,4,GLOB05,GLOB05,1483311,11,,6337.00,380.22,6717.22,0,0,1,,23174204
2025-01-30,2025,1,4,4,GULL01,GULL01,1483312,11,,1400.25,84.02,1484.27,0,0,,703-618-5284,23174205
2025-01-30,2025,1,4,4,H2CO01,H2CO01,1483313,11,,1780.00,124.60,1904.60,0,0,,304-283-6129 JASON,23174206
2025-01-30,2025,1,4,4,JC2001,JC2001,1483314,11,,5283.00,317.00,5600.00,0,5600.00,,,23174207
2025-01-30,2025,1,4,4,JC2001,,1483314,31,,0,0,0,-5600.00,5600.00,,,23292525
2025-01-30,2025,1,4,4,JENN02,JENN02,1483315,11,,578.25,34.70,612.95,0,0,,540-514-8304,23174208
2025-01-30,2025,1,4,4,JSCC01,JSCC01,1483316,11,,8213.76,492.83,8706.59,0,0,,FRANKIE,23174209
2025-01-30,2025,1,4,4,JSCC01,JSCC01,1483317,11,,2725.88,163.55,2889.43,0,0,,FRANKIE,23174210
2025-01-30,2025,1,4,4,JSCC01,JSCC01,1483318,11,,4295.00,257.70,4552.70,0,0,,FRANKIE,23174211
2025-01-30,2025,1,4,4,JSCC01,JSCC01,1483319,11,,1212.25,72.74,1284.99,0,0,,DENNIS,23174212
2025-01-30,2025,1,4,4,KIRB02,KIRB02,1483320,11,,4056.75,243.41,4300.16,0,0,,,23174213
2025-01-30,2025,1,4,4,MORG01,MORG01,1483321,11,,5999.00,419.93,6418.93,0,0,577,SHANNON,23174214
2025-01-30,2025,1,4,4,VILL01,VILL01,1483322,11,,2388.00,143.28,2531.28,0,0,,703-334-5837,23174215
2025-01-30,2025,1,4,4,VILL01,VILL01,1483323,11,,2082.00,124.92,2206.92,0,0,,1-703-334-5838,23174216
2025-01-31,2025,1,3,3,EDGE01,,1482614,31,,0,0,0,-4483.69,22439.14,,,23291898
2025-01-31,2025,1,6,6,EDGE01,,1482615,31,,0,0,0,-419.01,22439.14,,,23291901
2025-01-31,2025,1,3,3,FRAN05,,1482626,31,,0,0,0,-4958.10,42330.53,,,23291858
2025-01-31,2025,1,3,3,KIBL01,,1482653,31,,0,0,0,-3124.14,6248.28,39,,23291835
2025-01-31,2025,1,4,4,ABCI01,,1482670,31,,0,0,0,-5516.50,5516.50,1,,23290046
2025-01-31,2025,1,6,6,FRAN05,,1482687,31,,0,0,0,-9367.75,42330.53,53,,23291849
2025-01-31,2025,1,3,3,KIBL01,,1482697,31,,0,0,0,-1562.07,6248.28,39,,23291829
2025-01-31,2025,1,4,4,LONG02,,1482698,31,,0,0,0,-1492.75,7005.13,,,23291787
2025-01-31,2025,1,40,40,RICK01,,1482704,31,,0,0,0,-21.20,21.20,,,23290026
2025-01-31,2025,1,6,6,EDGE01,,1482725,31,,0,0,0,-17536.44,22439.14,63,,23291895
2025-01-31,2025,1,6,6,FRAN05,,1482730,31,,0,0,0,-499.75,42330.53,53,,23291855
2025-01-31,2025,1,3,3,FRAN05,,1482731,31,,0,0,0,-574.83,42330.53,56,,23291852
2025-01-31,2025,1,3,3,HUNT05,,1482737,31,,0,0,0,-4065.46,4065.46,,,23290021
2025-01-31,2025,1,3,3,KIBL01,,1482748,31,,0,0,0,-1562.07,6248.28,39,,23291832
2025-01-31,2025,1,4,4,LOPE01,,1482749,31,,0,0,0,-837.67,1961.28,,,23290013
2025-01-31,2025,1,3,3,POOL09,,1482767,31,,0,0,0,-892.83,892.93,,,23291760
2025-01-31,2025,1,6,6,POTO05,,1482768,31,,0,0,0,-1626.25,1626.25,,,23291768
2025-01-31,2025,1,3,3,FRAN05,,1482782,31,,0,0,0,-6004.95,42330.53,,,23291861
2025-01-31,2025,1,3,3,MERL01,,1482789,31,,0,0,0,-1833.27,33356.72,3,,23291577
2025-01-31,2025,1,3,3,MERL01,,1482790,31,,0,0,0,-958.55,33356.72,4,,23291574
2025-01-31,2025,1,6,6,FRAN05,,1482862,31,,0,0,0,-1119.75,42330.53,54,,23291864
2025-01-31,2025,1,3,3,MERL01,,1482881,31,,0,0,0,-798.49,33356.72,4,,23291571
2025-01-31,2025,1,3,3,MERL01,,1482909,31,,0,0,0,-1833.27,33356.72,3,,23291568
2025-01-31,2025,1,6,6,FRAN05,,1482913,31,,0,0,0,-963.75,42330.53,54,,23291867
2025-01-31,2025,1,1,1,AYER01,,1482943,31,,0,0,0,-6177.68,6177.68,1,,23290062
2025-01-31,2025,1,1,1,LIME02,,1482954,31,,0,0,0,-572.98,572.98,,,23291878
2025-01-31,2025,1,3,3,FRAN05,,1482966,31,,0,0,0,-17978.40,42330.53,57,,23291873
2025-01-31,2025,1,6,6,FRAN05,,1482979,31,,0,0,0,-863.25,42330.53,54,,23291870
2025-01-31,2025,1,6,6,LOPE01,,1482982,31,,0,0,0,-2442.24,1961.28,,,23290016
2025-01-31,2025,1,6,6,JOUR01,,1483027,31,,0,0,0,-344.28,687.50,,,23291774
2025-01-31,2025,1,1,1,AYER01,,1483039,31,,0,0,0,-3744.20,10203.84,1,,23291700
2025-01-31,2025,1,6,6,JOUR01,,1483053,31,,0,0,0,-343.22,687.50,,,23291777
2025-01-31,2025,1,1,1,AYER01,,1483074,31,,0,0,0,-6459.64,10203.84,1,,23291703
2025-01-31,2025,1,40,40,CAGG,,1483110,31,,0,0,0,-29.15,29.15,,,23292591
2025-01-31,2025,1,1,1,C3W,,1483117,31,,0,0,0,-1057.45,1057.45,,,23292586
2025-01-31,2025,1,3,3,MTCI01,,1483129,31,,0,0,0,-3819.97,3819.97,,,23291806
2025-01-31,2025,1,3,3,MTCI01,,1483129,41,PAJ,0,0,0,0,3819.97,,,23291809
2025-01-31,2025,1,4,4,STAR02,,1483168,31,,0,0,0,-1489.61,6512.75,,,23291821
2025-01-31,2025,1,4,4,STAR02,,1483169,31,,0,0,0,-5023.14,6512.75,,,23291817
2025-01-31,2025,1,1,1,C1W,,1483178,31,,0,0,0,-1954.80,1954.80,,,23292574
2025-01-31,2025,1,3,3,C1F,,1483185,31,,0,0,0,-1833.27,1833.27,,,23292581
2025-01-31,2025,1,3,3,POOL09,,1483195,31,,0,0,0,-0.10,892.93,,,23291763
2025-01-31,2025,1,3,3,YOUN05,,1483270,31,,0,0,0,-2970.75,2970.75,,,23292569
2025-01-31,2025,1,43,43,CAGG,,1483296,31,,0,0,0,-179.14,179.14,,,23292607
2025-01-31,2025,1,3,3,BARR05,BARR05,1483324,11,,1334.25,0.00,1334.25,0,0,3,,23174430
2025-01-31,2025,1,3,3,KEYS05,KEYS05,1483325,11,,1341.75,67.41,1409.16,0,0,,717.243.2040,23174431
2025-01-31,2025,1,3,3,MORG01,MORG01,1483326,11,,1334.25,68.76,1403.01,0,0,575,240-405-6642,23174432
2025-01-31,2025,1,6,6,FRAN05,FRAN05,1483327,11,,1336.25,80.18,1416.43,0,0,,NEVIN,23174459
2025-01-31,2025,1,6,6,NVRI01,NVRI01,1483328,11,,11352.76,681.17,12033.93,0,0,71,Community CT,23174460
2025-01-31,2025,1,6,6,NVRI01,NVRI01,1483329,11,,3363.75,201.83,3565.58,0,0,71,Community CT,23174461
2025-01-31,2025,1,4,4,AC&T01,AC&T01,1483330,11,,804.75,48.29,853.04,0,0,,240-520-5349 HARVEY,23174487
2025-01-31,2025,1,4,4,C3M,C3M,1483331,11,,6656.00,399.36,7055.36,0,0,,703-431-7775,23174488
2025-01-31,2025,1,4,4,CRAF04,CRAF04,1483332,11,,798.00,47.88,845.88,0,0,,304-754-7272,23174489
2025-01-31,2025,1,4,4,EDGE01,EDGE01,1483333,11,,2857.00,171.42,3028.42,0,0,,5680,23174490
2025-01-31,2025,1,4,4,EDGE01,EDGE01,1483334,11,,5069.25,304.16,5373.41,0,0,,5548,23174491
2025-01-31,2025,1,4,4,FOUR05,FOUR05,1483335,11,,2656.50,159.39,2815.89,0,0,,304-901-6509--STEVE,23174492
2025-01-31,2025,1,4,4,JSCC01,JSCC01,1483336,11,,6796.64,475.76,7272.40,0,0,,703.368.0552,23174493
2025-01-31,2025,1,4,4,NORT02,NORT02,1483337,11,,1016.25,60.98,1077.23,0,0,105,C-013125-01,23174494
2025-01-31,2025,1,40,40,REIS01,REIS01,1483338,11,,220.00,13.20,233.20,0,0,,GLEN'S FARM,23174557
2025-01-31,2025,1,1,1,THOM06,THOM06,1483545,11,,612.50,0.00,612.50,0,0,7,WRM P/P JAN 2025,23177924
2025-01-31,2025,1,6,6,THOM06,THOM06,1483546,11,,1437.50,0.00,1437.50,0,0,8,HRM P/P JAN 2025,23177925
2025-01-31,2025,1,3,3,THOM06,THOM06,1483547,11,,3300.00,0.00,3300.00,0,0,9,FRM P/P JAN 2025,23177926
2025-01-31,2025,1,4,4,THOM06,THOM06,1483548,11,,475.00,0.00,475.00,0,0,24,MRM P/P JAN 2025,23177927
