order_date,order_code,tkt_code,order_intrnl_line_num,ship_plant_code,delv_qty,delv_qty_uom,ext_price_amt
2025-01-01,1,10242,1,40,1.50,90005,99.00
2025-01-02,3,267785,1,6,9.50,40003,1415.50
2025-01-02,3,267786,1,6,9.50,40003,1415.50
2025-01-02,3,267795,1,6,9.50,40003,1415.50
2025-01-02,7,267787,4,6,1.50,40003,463.50
2025-01-02,7,267788,2,6,7.00,40003,1365.00
2025-01-02,7,267794,2,6,7.00,40003,1365.00
2025-01-02,8,137300,1,1,6.00,40003,1059.00
2025-01-02,8,137301,1,1,6.00,40003,1059.00
2025-01-02,9,267770,5,6,8.50,40003,1198.50
2025-01-02,9,267773,5,6,8.50,40003,1198.50
2025-01-02,9,267775,5,6,8.50,40003,1198.50
2025-01-02,9,267776,5,6,8.25,40003,1163.25
2025-01-02,9,267777,5,6,8.25,40003,1163.25
2025-01-02,9,267780,16,6,9.50,40003,1358.50
2025-01-02,9,267782,16,6,9.50,40003,1358.50
2025-01-02,9,267784,16,6,9.50,40003,1358.50
2025-01-02,10,267789,4,6,8.25,40003,1134.38
2025-01-02,10,267790,4,6,8.25,40003,1134.38
2025-01-02,10,267791,4,6,8.25,40003,1134.38
2025-01-02,10,267792,4,6,8.25,40003,1134.38
2025-01-02,10,267793,4,6,8.00,40003,1100.00
2025-01-02,12,267767,1,6,9.50,40003,1510.50
2025-01-02,12,267768,1,6,9.50,40003,1510.50
2025-01-02,12,267769,1,6,9.50,40003,1510.50
2025-01-02,12,267771,1,6,9.50,40003,1510.50
2025-01-02,12,267778,1,6,9.00,40003,1431.00
2025-01-02,12,267779,1,6,5.00,40003,795.00
2025-01-02,15,593209,1,4,9.25,40003,1299.63
2025-01-02,15,593210,1,4,9.25,40003,1299.63
2025-01-02,16,593190,1,4,9.50,40003,1391.75
2025-01-02,16,593200,1,4,2.00,40003,293.00
2025-01-02,17,593182,1,4,9.50,40003,1567.50
2025-01-02,17,593191,1,4,2.00,40003,330.00
2025-01-02,19,137298,1,1,9.00,40003,1512.00
2025-01-02,19,137298,4,1,1.00,80001,80.00
2025-01-02,19,137299,1,1,9.00,40003,1512.00
2025-01-02,19,137299,4,1,1.00,80001,80.00
2025-01-02,19,137302,3,1,6.00,40003,1008.00
2025-01-02,20,593202,1,4,1.50,40003,277.50
2025-01-02,21,593180,1,4,9.00,40003,1656.00
2025-01-02,21,593183,1,4,9.00,40003,1656.00
2025-01-02,23,593195,1,4,6.00,40003,1014.00
2025-01-02,24,137304,3,1,9.50,40003,1296.75
2025-01-02,24,137305,3,1,9.50,40003,1296.75
2025-01-02,24,137306,3,1,9.50,40003,1296.75
2025-01-02,24,137307,3,1,9.25,40003,1262.63
2025-01-02,24,137308,3,1,9.25,40003,1262.63
2025-01-02,25,593194,1,4,2.00,40003,328.00
2025-01-02,26,137311,1,1,3.50,40003,600.25
2025-01-02,28,593186,21,4,7.00,40003,917.00
2025-01-02,28,593189,21,4,7.00,40003,917.00
2025-01-02,28,593198,21,4,5.00,40003,655.00
2025-01-02,28,593201,21,4,5.00,40003,655.00
2025-01-02,28,593203,21,4,5.00,40003,655.00
2025-01-02,28,593206,21,4,9.50,40003,1244.50
2025-01-02,30,137309,69,1,9.50,40003,1391.75
2025-01-02,30,137310,69,1,6.00,40003,879.00
2025-01-02,31,267781,4,6,6.75,40003,965.25
2025-01-02,31,267783,4,6,6.75,40003,965.25
2025-01-02,33,398043,1,3,7.00,40003,1211.00
2025-01-02,35,398042,1,3,9.50,40003,1586.50
2025-01-02,36,398044,1,3,9.50,40003,1444.00
2025-01-02,37,593207,1,4,8.00,40003,1368.00
2025-01-02,39,593181,1,4,8.00,40003,1424.00
2025-01-02,39,593184,1,4,8.00,40003,1424.00
2025-01-02,39,593185,1,4,8.00,40003,1424.00
2025-01-02,39,593199,1,4,7.00,40003,1246.00
2025-01-02,40,137303,1,1,6.50,40003,1105.00
2025-01-02,42,398049,1,3,9.50,40003,1377.50
2025-01-02,42,398050,1,3,9.50,40003,1377.50
2025-01-02,43,593192,1,4,6.00,40003,960.00
2025-01-02,43,593196,1,4,6.00,40003,960.00
2025-01-02,44,398046,1,3,2.50,40003,450.00
2025-01-02,46,593188,1,4,9.50,40003,1377.50
2025-01-02,46,593193,1,4,9.50,40003,1377.50
2025-01-02,46,593197,1,4,9.25,40003,1341.25
2025-01-02,46,593205,1,4,7.00,40003,1015.00
2025-01-02,46,593208,1,4,5.50,40003,797.50
2025-01-02,47,593187,62,4,7.50,40003,1237.50
2025-01-02,48,593204,67,4,9.50,40003,1391.75
2025-01-02,49,398045,1,3,5.00,40003,900.00
2025-01-02,50,450871,1,40,2.00,60003,80.00
2025-01-02,51,267772,1,6,4.50,40003,740.25
2025-01-02,52,267774,1,6,9.50,40003,1377.50
2025-01-02,53,450872,1,40,0.50,60003,20.00
2025-01-02,54,398047,1,3,9.50,40003,1406.00
2025-01-02,54,398048,1,3,9.50,40003,1406.00
2025-01-03,3,267802,1,6,4.00,40003,660.00
2025-01-03,5,267820,1,6,8.00,40003,1316.00
2025-01-03,6,267832,4,6,2.00,40003,618.00
2025-01-03,6,267834,2,6,7.00,40003,1365.00
2025-01-03,6,267838,2,6,7.00,40003,1365.00
2025-01-03,9,267819,4,6,7.00,40003,1001.00
2025-01-03,10,267814,5,6,8.75,40003,1203.13
2025-01-03,10,267815,5,6,8.75,40003,1203.13
2025-01-03,10,267816,5,6,8.75,40003,1203.13
2025-01-03,10,267817,5,6,8.75,40003,1203.13
2025-01-03,11,267827,7,6,9.25,40003,1258.00
2025-01-03,11,267830,7,6,9.50,40003,1292.00
2025-01-03,11,267831,7,6,9.50,40003,1292.00
2025-01-03,11,267835,7,6,9.50,40003,1292.00
2025-01-03,11,267837,7,6,9.25,40003,1258.00
2025-01-03,11,267839,7,6,9.50,40003,1292.00
2025-01-03,11,267840,7,6,9.50,40003,1292.00
2025-01-03,11,267842,7,6,9.50,40003,1292.00
2025-01-03,11,267843,7,6,9.50,40003,1292.00
2025-01-03,11,267844,7,6,9.75,40003,1326.00
2025-01-03,11,267845,7,6,9.75,40003,1326.00
2025-01-03,11,267846,7,6,9.50,40003,1292.00
2025-01-03,12,267800,1,6,3.00,40003,442.50
2025-01-03,14,593266,1,4,9.00,40003,1264.50
2025-01-03,15,267796,1,6,9.50,40003,1662.50
2025-01-03,15,267805,6,6,9.50,40003,1662.50
2025-01-03,17,593226,1,4,9.25,40003,1355.13
2025-01-03,18,593218,6,4,9.25,40003,1336.63
2025-01-03,18,593225,6,4,9.25,40003,1336.63
2025-01-03,18,593231,6,4,9.50,40003,1372.75
2025-01-03,18,593233,6,4,9.50,40003,1372.75
2025-01-03,18,593235,6,4,9.50,40003,1372.75
2025-01-03,18,593241,6,4,8.00,40003,1156.00
2025-01-03,19,593219,1,4,9.25,40003,1530.88
2025-01-03,19,593227,1,4,9.25,40003,1530.88
2025-01-03,19,593239,1,4,5.00,40003,827.50
2025-01-03,20,593217,1,4,4.00,40003,688.00
2025-01-03,22,593230,1,4,6.00,40003,1014.00
2025-01-03,24,267806,1,6,7.00,40003,1225.00
2025-01-03,25,267824,4,6,9.50,40003,1287.25
2025-01-03,26,593252,109,4,9.25,40003,1271.88
2025-01-03,26,593253,109,4,9.50,40003,1306.25
2025-01-03,26,593254,109,4,9.25,40003,1271.88
2025-01-03,26,593256,109,4,9.25,40003,1271.88
2025-01-03,26,593261,109,4,6.00,40003,825.00
2025-01-03,27,593212,1,4,9.50,40003,1548.50
2025-01-03,27,593216,1,4,9.50,40003,1548.50
2025-01-03,27,593223,1,4,9.50,40003,1548.50
2025-01-03,27,593229,1,4,9.50,40003,1548.50
2025-01-03,27,593238,1,4,6.00,40003,978.00
2025-01-03,28,267821,1,6,2.00,40003,360.00
2025-01-03,29,593214,1,4,8.50,40003,1245.25
2025-01-03,29,593215,1,4,8.50,40003,1245.25
2025-01-03,29,593222,1,4,8.50,40003,1245.25
2025-01-03,29,593224,1,4,8.50,40003,1245.25
2025-01-03,30,137319,1,1,8.50,40003,1517.25
2025-01-03,30,137321,1,1,8.50,40003,1517.25
2025-01-03,31,593221,1,4,2.00,40003,350.00
2025-01-03,33,267797,4,6,8.50,40003,1215.50
2025-01-03,33,267798,4,6,8.50,40003,1215.50
2025-01-03,34,267801,4,6,9.25,40003,1304.25
2025-01-03,34,267804,4,6,9.25,40003,1304.25
2025-01-03,36,267810,4,6,5.25,40003,740.25
2025-01-03,36,267813,4,6,5.25,40003,740.25
2025-01-03,37,137315,1,1,3.50,40003,626.50
2025-01-03,38,137312,13,1,8.50,40003,1245.25
2025-01-03,38,137314,13,1,8.50,40003,1245.25
2025-01-03,39,593213,1,4,9.50,40003,1558.00
2025-01-03,39,593228,1,4,7.50,40003,1230.00
2025-01-03,40,267825,1,6,9.00,40003,1219.50
2025-01-03,40,267826,1,6,9.00,40003,1219.50
2025-01-03,42,267799,1,6,2.00,40003,333.00
2025-01-03,47,137322,1,1,9.00,40003,1341.00
2025-01-03,47,137324,1,1,4.00,40003,596.00
2025-01-03,47,398061,1,3,9.00,40003,1341.00
2025-01-03,49,398059,1,3,9.50,40003,1444.00
2025-01-03,50,137313,3,1,9.50,40003,1327.63
2025-01-03,50,137316,3,1,9.50,40003,1327.63
2025-01-03,50,137318,3,1,9.50,40003,1327.63
2025-01-03,50,137320,3,1,9.50,40003,1327.63
2025-01-03,51,593265,1,4,9.50,40003,1334.75
2025-01-03,53,137317,1,1,2.00,40003,365.00
2025-01-03,54,267803,36,6,9.50,40003,1372.75
2025-01-03,54,267809,36,6,9.50,40003,1372.75
2025-01-03,54,267811,37,6,9.50,40003,1391.75
2025-01-03,54,267818,37,6,9.50,40003,1391.75
2025-01-03,54,593236,37,4,9.25,40003,1355.13
2025-01-03,55,398071,1,3,9.50,40003,1377.50
2025-01-03,55,398072,1,3,9.50,40003,1377.50
2025-01-03,55,398074,1,3,9.50,40003,1377.50
2025-01-03,55,398076,1,3,9.50,40003,1377.50
2025-01-03,56,593232,1,4,8.50,40003,1530.00
2025-01-03,56,593234,1,4,8.50,40003,1530.00
2025-01-03,57,398063,1,3,4.50,40003,848.25
2025-01-03,58,593242,1,4,9.50,40003,1610.25
2025-01-03,58,593243,1,4,8.75,40003,1483.13
2025-01-03,58,593245,1,4,8.75,40003,1483.13
2025-01-03,58,593246,1,4,8.50,40003,1440.75
2025-01-03,58,593248,1,4,8.50,40003,1440.75
2025-01-03,58,593249,1,4,8.50,40003,1440.75
2025-01-03,58,593258,1,4,7.00,40003,1186.50
2025-01-03,59,593220,2,4,9.50,40003,1543.75
2025-01-03,60,593250,1,4,6.00,40003,1026.00
2025-01-03,60,593251,1,4,6.00,40003,1026.00
2025-01-03,60,593264,1,4,4.50,40003,769.50
2025-01-03,61,398057,1,3,9.50,40003,1605.50
2025-01-03,61,398060,1,3,9.50,40003,1605.50
2025-01-03,61,398067,1,3,2.50,40003,422.50
2025-01-03,62,593237,1,4,2.50,40003,410.00
2025-01-03,63,593255,1,4,9.50,40003,1334.75
2025-01-03,63,593257,1,4,9.25,40003,1299.63
2025-01-03,63,593259,1,4,9.50,40003,1334.75
2025-01-03,64,267833,5,6,9.50,40003,1543.75
2025-01-03,64,593244,5,4,9.25,40003,1503.13
2025-01-03,64,593247,5,4,9.50,40003,1543.75
2025-01-03,65,593211,1,4,3.00,40003,499.50
2025-01-03,66,398062,1,3,9.50,40003,1377.50
2025-01-03,66,398065,1,3,9.50,40003,1377.50
2025-01-03,66,398068,1,3,9.50,40003,1377.50
2025-01-03,66,398070,1,3,9.50,40003,1377.50
2025-01-03,67,593240,1,4,1.50,40003,240.00
2025-01-03,68,267812,1,6,9.50,40003,1539.00
2025-01-03,69,267822,1,6,2.00,40003,318.00
2025-01-03,71,398066,1,3,4.50,40003,783.00
2025-01-03,72,137325,1,1,7.50,40003,1233.75
2025-01-03,73,137326,1,1,8.00,40003,1360.00
2025-01-03,73,137327,1,1,8.00,40003,1360.00
2025-01-03,73,137328,1,1,8.00,40003,1360.00
2025-01-03,73,398073,1,3,8.00,40003,1360.00
2025-01-03,75,398051,1,3,7.00,40003,1036.00
2025-01-03,75,398053,1,3,7.00,40003,1036.00
2025-01-03,75,398064,3,3,9.00,40003,1305.00
2025-01-03,76,137323,1,1,2.00,40003,320.00
2025-01-03,77,398056,1,3,3.00,40003,453.00
2025-01-03,78,267836,1,6,1.50,40003,265.50
2025-01-03,79,267807,1,42,19.65,60003,648.45
2025-01-03,80,398052,1,3,9.50,40003,1406.00
2025-01-03,81,398054,1,43,5.00,80001,300.00
2025-01-03,81,398058,1,43,5.00,80001,300.00
2025-01-03,82,398055,1,3,3.50,40003,507.50
2025-01-03,83,267808,1,6,4.00,40003,658.00
2025-01-03,84,593260,6,4,9.50,40003,1358.50
2025-01-03,84,593262,6,4,2.00,40003,286.00
2025-01-03,84,593263,6,4,3.00,40003,429.00
2025-01-03,85,267823,1,6,8.00,40003,1412.00
2025-01-03,86,450874,1,40,4.00,60003,110.00
2025-01-03,87,450873,1,40,14.00,60003,385.00
2025-01-03,88,398069,1,3,9.25,40003,1350.50
2025-01-03,88,398075,1,3,2.00,40003,292.00
2025-01-03,89,267828,1,6,5.50,40003,907.50
2025-01-03,90,267829,1,6,3.00,40003,535.50
2025-01-03,91,267841,30,6,9.50,40003,1353.75
2025-01-03,91,267847,30,6,9.25,40003,1318.13
2025-01-03,91,267848,33,6,9.50,40003,1353.75
2025-01-03,91,267849,33,6,9.50,40003,1353.75
2025-01-03,92,267829,1,6,-3.00,40003,-535.50
2025-01-03,93,267829,1,6,3.00,40003,535.50
2025-01-04,1,593267,1,4,9.50,40003,1733.75
2025-01-04,1,593267,2,4,4.00,80001,2000.00
2025-01-04,1,593268,1,4,9.50,40003,1733.75
2025-01-04,1,593269,1,4,9.25,40003,1688.13
2025-01-04,1,593270,1,4,9.25,40003,1688.13
2025-01-04,1,593270,3,4,6.00,80001,24.00
2025-01-04,1,593271,1,4,9.50,40003,1733.75
2025-01-04,1,593272,1,4,9.50,40003,1733.75
2025-01-08,10,398077,1,3,9.50,40003,1453.50
2025-01-08,10,398078,1,3,9.50,40003,1453.50
2025-01-08,10,398080,1,3,6.00,40003,918.00
2025-01-08,11,398079,1,3,9.50,40003,1719.50
2025-01-08,11,398081,1,3,9.50,40003,1719.50
2025-01-08,13,267853,3,6,7.00,40003,1260.00
2025-01-08,13,267855,3,6,7.00,40003,1260.00
2025-01-08,16,267850,1,6,9.50,40003,1714.75
2025-01-08,16,267851,1,6,9.50,40003,1714.75
2025-01-08,16,267854,1,6,3.00,40003,541.50
2025-01-08,17,137329,1,1,9.00,40003,1647.00
2025-01-08,20,267852,1,6,2.00,40003,286.00
2025-01-08,21,267851B,1,6,1.00,40003,180.50
2025-01-09,5,398082,4,3,1.00,40003,291.00
2025-01-09,5,398083,1,3,9.50,40003,1444.00
2025-01-09,5,398084,1,3,9.50,40003,1444.00
2025-01-09,5,398085,1,3,9.50,40003,1444.00
2025-01-09,5,398086,1,3,9.50,40003,1444.00
2025-01-09,5,398087,1,3,9.00,40003,1368.00
2025-01-09,5,398088,1,3,9.50,40003,1444.00
2025-01-09,5,398089,1,3,9.50,40003,1444.00
2025-01-09,5,398091,1,3,6.50,40003,988.00
2025-01-09,9,137330,1,1,7.50,40003,1432.50
2025-01-09,9,137333,1,1,5.50,40003,1050.50
2025-01-09,12,593280,1,4,3.00,40003,562.50
2025-01-09,14,267856,1,6,9.50,40003,1358.50
2025-01-09,14,267857,1,6,9.50,40003,1358.50
2025-01-09,14,267858,1,6,9.50,40003,1358.50
2025-01-09,14,267859,1,6,9.50,40003,1358.50
2025-01-09,14,267860,1,6,4.00,40003,572.00
2025-01-09,15,398092,1,3,9.50,40003,1444.00
2025-01-09,15,398093,1,3,9.50,40003,1444.00
2025-01-09,15,398094,1,3,9.50,40003,1444.00
2025-01-09,17,593273,14,4,9.50,40003,1415.50
2025-01-09,17,593274,14,4,9.50,40003,1415.50
2025-01-09,17,593275,14,4,9.50,40003,1415.50
2025-01-09,17,593276,14,4,9.50,40003,1415.50
2025-01-09,17,593277,14,4,9.50,40003,1415.50
2025-01-09,17,593278,14,4,9.50,40003,1415.50
2025-01-09,17,593279,14,4,9.50,40003,1415.50
2025-01-09,17,593281,14,4,9.50,40003,1415.50
2025-01-09,17,593282,14,4,2.00,40003,298.00
2025-01-09,18,593283,6,4,9.50,40003,1358.50
2025-01-09,18,593284,6,4,9.50,40003,1358.50
2025-01-09,18,593285,6,4,9.50,40003,1358.50
2025-01-09,18,593286,6,4,9.50,40003,1358.50
2025-01-09,18,593287,6,4,9.00,40003,1287.00
2025-01-09,19,137335,1,1,9.50,40003,1467.75
2025-01-09,19,137336,1,1,9.50,40003,1467.75
2025-01-09,20,137331,1,1,2.50,40003,425.00
2025-01-09,21,267861,4,6,2.00,40003,618.00
2025-01-09,21,267863,2,6,7.00,40003,1365.00
2025-01-09,21,267864,2,6,7.00,40003,1365.00
2025-01-09,21,267865,2,6,7.00,40003,1365.00
2025-01-09,25,137332,3,1,1.50,40003,255.00
2025-01-09,26,398090,1,43,10.00,80001,600.00
2025-01-09,27,137334,1,1,9.50,40003,1738.50
2025-01-09,28,267862,3,6,5.00,40003,900.00
2025-01-09,28,267866,3,6,5.00,40003,900.00
2025-01-10,6,593288,1,4,9.50,40003,1662.50
2025-01-10,6,593291,1,4,9.50,40003,1662.50
2025-01-10,7,593312,20,4,9.50,40003,1358.50
2025-01-10,7,593318,20,4,9.25,40003,1322.75
2025-01-10,7,593322,20,4,9.50,40003,1358.50
2025-01-10,7,593326,20,4,9.25,40003,1322.75
2025-01-10,8,398096,1,3,9.50,40003,1681.50
2025-01-10,8,398100,1,3,3.50,40003,619.50
2025-01-10,9,267867,1,6,9.50,40003,1695.75
2025-01-10,9,267868,1,6,9.50,40003,1695.75
2025-01-10,9,267869,1,6,9.50,40003,1695.75
2025-01-10,9,267877,1,6,1.25,40003,223.13
2025-01-10,10,267871,1,6,8.50,40003,1168.75
2025-01-10,10,267873,1,6,8.50,40003,1168.75
2025-01-10,10,267874,1,6,8.50,40003,1168.75
2025-01-10,10,267876,1,6,8.50,40003,1168.75
2025-01-10,10,267879,1,6,8.50,40003,1168.75
2025-01-10,10,267881,1,6,8.50,40003,1168.75
2025-01-10,11,267884,5,6,7.75,40003,1065.63
2025-01-10,11,267887,5,6,7.75,40003,1065.63
2025-01-10,11,267888,5,6,7.75,40003,1065.63
2025-01-10,11,267889,5,6,7.75,40003,1065.63
2025-01-10,11,267892,5,6,7.50,40003,1031.25
2025-01-10,12,267894,5,6,8.50,40003,1151.75
2025-01-10,12,267896,5,6,8.50,40003,1151.75
2025-01-10,12,267897,5,6,8.00,40003,1084.00
2025-01-10,13,267891,30,6,9.50,40003,1353.75
2025-01-10,13,267899,30,6,9.50,40003,1353.75
2025-01-10,13,267901,30,6,9.50,40003,1353.75
2025-01-10,13,593299,30,4,9.25,40003,1318.13
2025-01-10,13,593300,30,4,9.25,40003,1318.13
2025-01-10,13,593303,30,4,9.25,40003,1318.13
2025-01-10,13,593314,30,4,9.50,40003,1353.75
2025-01-10,15,137341,1,1,2.50,40003,427.50
2025-01-10,16,593304,204,4,9.50,40003,1287.25
2025-01-10,16,593309,204,4,9.50,40003,1287.25
2025-01-10,16,593316,204,4,4.50,40003,609.75
2025-01-10,17,267902,4,6,8.50,40003,1168.75
2025-01-10,17,267903,4,6,8.50,40003,1168.75
2025-01-10,17,267904,4,6,8.50,40003,1168.75
2025-01-10,17,267905,4,6,8.50,40003,1168.75
2025-01-10,17,267906,4,6,8.50,40003,1168.75
2025-01-10,18,267870,1,6,9.50,40003,1676.75
2025-01-10,18,267872,1,6,9.25,40003,1632.63
2025-01-10,18,267875,1,6,9.50,40003,1676.75
2025-01-10,18,267878,1,6,9.50,40003,1676.75
2025-01-10,18,267880,1,6,9.50,40003,1676.75
2025-01-10,18,267882,1,6,6.25,40003,1103.13
2025-01-10,18,267885,1,6,6.00,40003,1059.00
2025-01-10,19,593292,1,4,9.50,40003,1515.25
2025-01-10,19,593295,1,4,9.25,40003,1475.38
2025-01-10,19,593297,1,4,9.25,40003,1475.38
2025-01-10,19,593298,1,4,9.25,40003,1475.38
2025-01-10,19,593307,1,4,3.50,40003,558.25
2025-01-10,20,593328,1,4,9.75,40003,1394.25
2025-01-10,21,267893,1,6,9.00,40003,1588.50
2025-01-10,21,267895,1,6,9.00,40003,1588.50
2025-01-10,22,593315,1,4,9.50,40003,1515.25
2025-01-10,22,593320,1,4,9.25,40003,1475.38
2025-01-10,22,593323,1,4,9.50,40003,1515.25
2025-01-10,23,593293,1,4,4.00,40003,736.00
2025-01-10,25,398095,1,3,1.50,40003,202.50
2025-01-10,26,398104,1,3,9.00,40003,1593.00
2025-01-10,27,398115,1,3,1.00,40003,185.00
2025-01-10,28,398107,1,3,9.50,40003,1444.00
2025-01-10,28,398109,1,3,9.50,40003,1444.00
2025-01-10,28,398112,1,3,9.50,40003,1444.00
2025-01-10,28,398116,1,3,6.00,40003,912.00
2025-01-10,29,398110,1,3,5.00,40003,885.00
2025-01-10,30,593321,1,4,9.25,40003,1322.75
2025-01-10,30,593325,1,4,9.50,40003,1358.50
2025-01-10,30,593327,1,4,9.25,40003,1322.75
2025-01-10,30,593329,1,4,8.00,40003,1144.00
2025-01-10,31,593296,1,4,7.00,40003,1120.00
2025-01-10,33,593289,5,4,9.50,40003,1372.75
2025-01-10,33,593290,5,4,9.50,40003,1372.75
2025-01-10,33,593294,6,4,9.50,40003,1391.75
2025-01-10,33,593308,6,4,8.00,40003,1172.00
2025-01-10,34,593302,1,4,9.00,40003,1422.00
2025-01-10,34,593305,1,4,9.00,40003,1422.00
2025-01-10,35,398105,1,3,9.00,40003,1305.00
2025-01-10,35,398106,1,3,9.00,40003,1305.00
2025-01-10,35,398108,5,3,9.50,40003,1301.50
2025-01-10,35,398111,5,3,9.50,40003,1301.50
2025-01-10,35,398113,5,3,9.50,40003,1301.50
2025-01-10,35,398114,5,3,9.50,40003,1301.50
2025-01-10,35,398117,5,3,9.50,40003,1301.50
2025-01-10,35,398120,5,3,9.50,40003,1301.50
2025-01-10,35,398121,5,3,9.50,40003,1301.50
2025-01-10,35,398122,5,3,9.50,40003,1301.50
2025-01-10,36,137337,388,1,9.25,40003,1503.13
2025-01-10,36,137338,388,1,9.25,40003,1503.13
2025-01-10,36,137339,388,1,9.25,40003,1503.13
2025-01-10,36,137340,388,1,9.25,40003,1503.13
2025-01-10,36,137342,388,1,9.00,40003,1462.50
2025-01-10,37,137347,3,1,3.00,40003,510.00
2025-01-10,38,137343,1,1,9.50,40003,1467.75
2025-01-10,38,137344,1,1,9.50,40003,1467.75
2025-01-10,38,137345,1,1,9.50,40003,1467.75
2025-01-10,38,137346,1,1,9.50,40003,1467.75
2025-01-10,38,137349,1,1,9.50,40003,1467.75
2025-01-10,41,398097,96,3,9.25,40003,1271.88
2025-01-10,41,398098,96,3,9.25,40003,1271.88
2025-01-10,41,398099,96,3,9.00,40003,1237.50
2025-01-10,41,398101,96,3,9.00,40003,1237.50
2025-01-10,41,398102,96,3,9.00,40003,1237.50
2025-01-10,41,398103,96,3,9.00,40003,1237.50
2025-01-10,42,593306,96,4,9.00,40003,1219.50
2025-01-10,42,593310,96,4,9.00,40003,1219.50
2025-01-10,42,593313,96,4,9.00,40003,1219.50
2025-01-10,42,593317,96,4,9.00,40003,1219.50
2025-01-10,43,398118,1,3,6.75,40003,914.63
2025-01-10,43,398119,1,3,6.75,40003,914.63
2025-01-10,44,267883,1,6,9.50,40003,1714.75
2025-01-10,44,267886,1,6,9.50,40003,1714.75
2025-01-10,44,267890,1,6,9.50,40003,1714.75
2025-01-10,45,593311,1,4,9.50,40003,1710.00
2025-01-10,45,593319,1,4,9.50,40003,1710.00
2025-01-10,45,593324,1,4,9.50,40003,1710.00
2025-01-10,46,137348,34,1,6.00,40003,972.00
2025-01-10,47,593301,1,44,2.00,60003,61.00
2025-01-10,48,267898,3,6,7.00,40003,1260.00
2025-01-10,48,267900,3,6,7.00,40003,1260.00
2025-01-10,49,267870B,1,6,9.50,40003,1629.25
2025-01-13,1,398123,13,3,1.00,40003,292.00
2025-01-13,1,398124,5,3,9.50,40003,1306.25
2025-01-13,1,398125,5,3,9.50,40003,1306.25
2025-01-13,1,398126,5,3,9.50,40003,1306.25
2025-01-13,1,398127,5,3,9.50,40003,1306.25
2025-01-13,1,398128,5,3,9.50,40003,1306.25
2025-01-13,1,398129,5,3,9.50,40003,1306.25
2025-01-13,1,398130,5,3,9.00,40003,1237.50
2025-01-13,1,398131,5,3,9.00,40003,1237.50
2025-01-13,1,398132,5,3,9.50,40003,1306.25
2025-01-13,1,398133,5,3,9.50,40003,1306.25
2025-01-13,1,398134,5,3,9.50,40003,1306.25
2025-01-13,1,398135,5,3,9.50,40003,1306.25
2025-01-13,1,398136,5,3,9.50,40003,1306.25
2025-01-13,1,398137,5,3,9.50,40003,1306.25
2025-01-13,1,398138,5,3,9.50,40003,1306.25
2025-01-13,1,398139,5,3,9.50,40003,1306.25
2025-01-13,1,398140,5,3,9.00,40003,1237.50
2025-01-13,1,398141,5,3,9.50,40003,1306.25
2025-01-13,1,398142,5,3,9.50,40003,1306.25
2025-01-13,1,398143,5,3,9.50,40003,1306.25
2025-01-13,1,398144,5,3,9.50,40003,1306.25
2025-01-13,1,398145,5,3,9.50,40003,1306.25
2025-01-13,1,398147,5,3,9.50,40003,1306.25
2025-01-13,1,398149,5,3,9.50,40003,1306.25
2025-01-13,1,398150,5,3,9.25,40003,1271.88
2025-01-13,1,398152,5,3,9.50,40003,1306.25
2025-01-13,1,398153,5,3,9.50,40003,1306.25
2025-01-13,1,398154,5,3,9.50,40003,1306.25
2025-01-13,1,398155,5,3,9.50,40003,1306.25
2025-01-13,1,398156,5,3,9.50,40003,1306.25
2025-01-13,1,398159,5,3,9.50,40003,1306.25
2025-01-13,1,398160,5,3,9.00,40003,1237.50
2025-01-13,1,398161,5,3,9.00,40003,1237.50
2025-01-13,1,398162,5,3,9.50,40003,1306.25
2025-01-13,2,593334,1,4,8.00,40003,1496.00
2025-01-13,2,593344,1,4,8.00,40003,1496.00
2025-01-13,3,137350,16,1,9.50,40003,1434.50
2025-01-13,3,137353,16,1,9.50,40003,1434.50
2025-01-13,3,137354,16,1,9.50,40003,1434.50
2025-01-13,3,137355,16,1,9.50,40003,1434.50
2025-01-13,3,137356,16,1,9.50,40003,1434.50
2025-01-13,3,137362,16,1,6.00,40003,906.00
2025-01-13,4,398146,1,3,9.25,40003,1637.25
2025-01-13,4,398157,1,3,6.25,40003,1106.25
2025-01-13,5,398167,1,3,9.50,40003,1444.00
2025-01-13,5,398170,1,3,9.50,40003,1444.00
2025-01-13,6,398148,1,3,9.50,40003,1396.50
2025-01-13,8,137352,1,1,9.50,40003,1615.00
2025-01-13,8,137352,4,1,1.00,80001,100.00
2025-01-13,9,593336,204,4,7.50,40003,1057.50
2025-01-13,9,593342,204,4,7.50,40003,1057.50
2025-01-13,9,593349,204,4,7.50,40003,1057.50
2025-01-13,9,593353,204,4,7.50,40003,1057.50
2025-01-13,10,593364,204,4,10.00,40003,1430.00
2025-01-13,10,593370,204,4,10.00,40003,1430.00
2025-01-13,12,593332,1,4,8.00,40003,1308.00
2025-01-13,12,593338,1,4,8.00,40003,1308.00
2025-01-13,12,593346,1,4,8.00,40003,1308.00
2025-01-13,12,593350,1,4,8.00,40003,1308.00
2025-01-13,12,593352,1,4,8.00,40003,1308.00
2025-01-13,12,593356,1,4,8.00,40003,1308.00
2025-01-13,12,593359,1,4,8.00,40003,1308.00
2025-01-13,12,593363,1,4,8.00,40003,1308.00
2025-01-13,12,593375,1,4,8.00,40003,1308.00
2025-01-13,12,593378,1,4,8.00,40003,1308.00
2025-01-13,12,593382,1,4,8.00,40003,1308.00
2025-01-13,12,593385,1,4,8.00,40003,1308.00
2025-01-13,12,593389,1,4,8.00,40003,1308.00
2025-01-13,13,593357,5,4,9.25,40003,1378.25
2025-01-13,13,593362,5,4,9.50,40003,1415.50
2025-01-13,13,593366,5,4,9.25,40003,1378.25
2025-01-13,13,593368,5,4,9.25,40003,1378.25
2025-01-13,13,593374,5,4,9.25,40003,1378.25
2025-01-13,13,593386,5,4,9.25,40003,1378.25
2025-01-13,13,593390,5,4,9.25,40003,1378.25
2025-01-13,14,593333,20,4,9.50,40003,1401.25
2025-01-13,14,593339,20,4,9.50,40003,1401.25
2025-01-13,14,593347,20,4,9.50,40003,1401.25
2025-01-13,14,593351,20,4,9.25,40003,1364.38
2025-01-13,14,593355,20,4,9.50,40003,1401.25
2025-01-13,14,593360,20,4,9.50,40003,1401.25
2025-01-13,15,593341,61,4,9.50,40003,1467.75
2025-01-13,15,593371,61,4,6.50,40003,1004.25
2025-01-13,16,593395,1,4,7.00,40003,1106.00
2025-01-13,18,593369,1,4,9.25,40003,1322.75
2025-01-13,18,593376,1,4,9.25,40003,1322.75
2025-01-13,18,593380,1,4,9.25,40003,1322.75
2025-01-13,18,593384,1,4,9.50,40003,1358.50
2025-01-13,18,593388,1,4,9.25,40003,1322.75
2025-01-13,18,593391,1,4,9.50,40003,1358.50
2025-01-13,18,593393,1,4,9.50,40003,1358.50
2025-01-13,18,593394,1,4,9.50,40003,1358.50
2025-01-13,18,593402,1,4,9.50,40003,1358.50
2025-01-13,18,593403,1,4,9.50,40003,1358.50
2025-01-13,18,593404,1,4,9.50,40003,1358.50
2025-01-13,18,593405,1,4,9.50,40003,1358.50
2025-01-13,21,593396,14,4,9.25,40003,1322.75
2025-01-13,21,593401,14,4,2.00,40003,286.00
2025-01-13,23,593365,1,4,7.00,40003,1183.00
2025-01-13,23,593381,1,4,7.50,40003,1267.50
2025-01-13,24,267907,1,6,9.50,40003,1710.00
2025-01-13,24,267908,1,6,9.50,40003,1710.00
2025-01-13,24,267910,1,6,9.50,40003,1710.00
2025-01-13,26,267915,1,6,8.25,40003,1163.25
2025-01-13,26,267916,1,6,8.25,40003,1163.25
2025-01-13,26,267919,18,6,9.50,40003,1358.50
2025-01-13,26,267925,18,6,3.50,40003,500.50
2025-01-13,27,593330,1,4,9.50,40003,1372.75
2025-01-13,27,593337,5,4,9.50,40003,1391.75
2025-01-13,27,593345,5,4,9.25,40003,1355.13
2025-01-13,29,267913,36,6,9.50,40003,1372.75
2025-01-13,29,267914,36,6,9.50,40003,1372.75
2025-01-13,29,267918,36,6,9.50,40003,1372.75
2025-01-13,29,267920,37,6,9.50,40003,1391.75
2025-01-13,29,267924,37,6,9.50,40003,1391.75
2025-01-13,29,267929,37,6,9.50,40003,1391.75
2025-01-13,29,267932,37,6,9.50,40003,1391.75
2025-01-13,29,267934,37,6,9.50,40003,1391.75
2025-01-13,29,267937,37,6,8.00,40003,1172.00
2025-01-13,30,267926,4,6,9.00,40003,1219.50
2025-01-13,30,267928,4,6,9.00,40003,1219.50
2025-01-13,30,267930,4,6,9.00,40003,1219.50
2025-01-13,30,267935,4,6,9.00,40003,1219.50
2025-01-13,30,267936,4,6,9.00,40003,1219.50
2025-01-13,30,267938,4,6,9.00,40003,1219.50
2025-01-13,30,267940,4,6,9.00,40003,1219.50
2025-01-13,30,267941,4,6,7.00,40003,948.50
2025-01-13,30,593383,4,4,9.00,40003,1219.50
2025-01-13,30,593387,4,4,9.00,40003,1219.50
2025-01-13,31,137351,3,1,3.00,40003,499.50
2025-01-13,33,593373,1,4,3.00,40003,490.50
2025-01-13,34,137357,388,1,9.50,40003,1581.75
2025-01-13,34,137359,388,1,9.50,40003,1581.75
2025-01-13,34,398168,388,3,6.00,40003,999.00
2025-01-13,35,137358,388,1,7.00,40003,1165.50
2025-01-13,35,137360,388,1,7.00,40003,1165.50
2025-01-13,35,137363,388,1,7.00,40003,1165.50
2025-01-13,36,267909,1,6,9.50,40003,1491.50
2025-01-13,36,267911,1,6,9.50,40003,1491.50
2025-01-13,36,267912,1,6,9.25,40003,1452.25
2025-01-13,36,267922,1,6,7.00,40003,1099.00
2025-01-13,37,398164,1,3,3.50,40003,635.25
2025-01-13,38,593331,18,4,9.00,40003,1314.00
2025-01-13,38,593335,18,4,9.00,40003,1314.00
2025-01-13,38,593340,18,4,9.00,40003,1314.00
2025-01-13,38,593343,18,4,9.00,40003,1314.00
2025-01-13,38,593348,18,4,9.00,40003,1314.00
2025-01-13,38,593354,18,4,9.00,40003,1314.00
2025-01-13,38,593358,18,4,9.00,40003,1314.00
2025-01-13,38,593361,18,4,9.00,40003,1314.00
2025-01-13,38,593367,18,4,8.00,40003,1168.00
2025-01-13,40,267917,1,6,8.50,40003,1300.50
2025-01-13,41,593397,204,4,9.25,40003,1271.88
2025-01-13,41,593398,204,4,9.50,40003,1306.25
2025-01-13,41,593399,204,4,9.50,40003,1306.25
2025-01-13,41,593400,204,4,9.50,40003,1306.25
2025-01-13,41,593406,204,4,4.00,40003,550.00
2025-01-13,42,593377,1,4,9.50,40003,1548.50
2025-01-13,43,398151,1,3,9.00,40003,1503.00
2025-01-13,43,398158,1,3,8.00,40003,1336.00
2025-01-13,44,267923,1,6,2.00,40003,357.00
2025-01-13,45,593379,62,4,9.50,40003,1567.50
2025-01-13,46,267927,3,6,4.00,40003,720.00
2025-01-13,46,267939,7,6,4.50,40003,810.00
2025-01-13,47,137361,1,1,2.00,40003,382.00
2025-01-13,48,267921,1,6,9.25,40003,1498.50
2025-01-13,48,267933,1,6,4.50,40003,729.00
2025-01-13,49,398165,1,3,9.50,40003,1349.00
2025-01-13,50,137364,1,1,4.50,40003,803.25
2025-01-13,51,398163,1,3,4.50,40003,810.00
2025-01-13,52,267931,1,6,2.00,40003,292.00
2025-01-13,53,398166,1,3,1.00,40003,145.00
2025-01-13,54,593372,1,4,9.75,40003,1560.00
2025-01-13,55,398169,1,3,8.00,40003,1184.00
2025-01-13,57,593392,1,4,4.00,40003,652.00
2025-01-13,58,450875,1,40,7.00,60003,266.00
2025-01-13,59,450876,1,40,2.00,60003,55.00
2025-01-13,60,378130B,1,3,9.00,40003,1606.50
2025-01-13,60,378132B,1,3,9.50,40003,1695.75
2025-01-14,2,137367,16,1,9.50,40003,1410.75
2025-01-14,2,137368,16,1,9.50,40003,1410.75
2025-01-14,2,137369,16,1,9.50,40003,1410.75
2025-01-14,2,137370,16,1,9.50,40003,1410.75
2025-01-14,2,137371,16,1,9.50,40003,1410.75
2025-01-14,3,593408,1,4,9.50,40003,1529.50
2025-01-14,3,593411,1,4,9.50,40003,1529.50
2025-01-14,3,593414,1,4,9.50,40003,1529.50
2025-01-14,3,593416,1,4,9.25,40003,1489.25
2025-01-14,3,593418,1,4,9.25,40003,1489.25
2025-01-14,5,137366,1,1,4.00,40003,716.00
2025-01-14,6,267942,1,6,9.50,40003,1676.75
2025-01-14,6,267943,1,6,9.50,40003,1676.75
2025-01-14,6,267945,1,6,9.50,40003,1676.75
2025-01-14,6,267948,1,6,9.50,40003,1676.75
2025-01-14,10,267955,4,6,1.00,40003,309.00
2025-01-14,10,267956,2,6,6.00,40003,1170.00
2025-01-14,10,267958,2,6,6.00,40003,1170.00
2025-01-14,12,267953,5,6,9.50,40003,1306.25
2025-01-14,13,593409,1,4,9.50,40003,1372.75
2025-01-14,13,593410,1,4,9.50,40003,1372.75
2025-01-14,13,593412,5,4,9.25,40003,1355.13
2025-01-14,13,593417,5,4,9.50,40003,1391.75
2025-01-14,16,593407,1,4,3.00,40003,504.00
2025-01-14,17,593413,62,4,6.00,40003,990.00
2025-01-14,18,398171,1,3,9.50,40003,1349.00
2025-01-14,18,398172,1,3,9.50,40003,1349.00
2025-01-14,18,398173,1,3,9.50,40003,1349.00
2025-01-14,19,267947,5,6,5.50,40003,775.50
2025-01-14,19,267949,5,6,5.50,40003,775.50
2025-01-14,19,267950,19,6,9.50,40003,1358.50
2025-01-14,20,593421,1,4,2.00,40003,328.00
2025-01-14,21,267951,25,6,6.50,40003,1007.50
2025-01-14,22,398174,1,3,9.50,40003,1349.00
2025-01-14,22,398176,1,3,9.50,40003,1349.00
2025-01-14,22,398177,1,3,9.50,40003,1349.00
2025-01-14,22,398179,1,3,9.50,40003,1349.00
2025-01-14,22,398180,1,3,9.50,40003,1349.00
2025-01-14,22,398181,1,3,9.50,40003,1349.00
2025-01-14,22,398182,1,3,9.50,40003,1349.00
2025-01-14,22,398183,1,3,9.50,40003,1349.00
2025-01-14,23,267944,1,6,6.00,40003,828.00
2025-01-14,23,267946,1,6,6.00,40003,828.00
2025-01-14,24,593420,204,4,9.25,40003,1271.88
2025-01-14,24,593422,204,4,3.00,40003,412.50
2025-01-14,24,593423,204,4,3.00,40003,412.50
2025-01-14,25,267960,4,6,9.50,40003,1306.25
2025-01-14,25,267962,4,6,9.50,40003,1306.25
2025-01-14,25,267963,4,6,9.25,40003,1271.88
2025-01-14,25,267964,4,6,6.50,40003,893.75
2025-01-14,28,593415,1,4,6.00,40003,960.00
2025-01-14,29,593419,6,4,9.50,40003,1358.50
2025-01-14,31,137365,1,1,3.00,40003,510.00
2025-01-14,32,398178,1,3,4.00,40003,680.00
2025-01-14,33,450877,1,40,6.00,60003,240.00
2025-01-14,34,398175,1,3,2.00,40003,340.00
2025-01-14,36,450878,1,40,12.00,80001,360.00
2025-01-14,37,267952,5,6,9.25,40003,1475.38
2025-01-14,37,267957,5,6,4.50,40003,717.75
2025-01-14,38,267954,3,6,4.00,40003,720.00
2025-01-14,38,267961,7,6,5.00,40003,900.00
2025-01-14,40,267959,1,6,2.00,40003,351.00
2025-01-15,1,593428,8,4,9.00,40003,1413.00
2025-01-15,1,593431,8,4,9.00,40003,1413.00
2025-01-15,1,593434,8,4,9.00,40003,1413.00
2025-01-15,1,593437,8,4,9.00,40003,1413.00
2025-01-15,1,593439,8,4,9.00,40003,1413.00
2025-01-15,1,593442,8,4,9.00,40003,1413.00
2025-01-15,1,593445,8,4,9.00,40003,1413.00
2025-01-15,1,593446,8,4,9.00,40003,1413.00
2025-01-15,2,593453,1,4,9.50,40003,1396.50
2025-01-15,2,593454,1,4,9.25,40003,1359.75
2025-01-15,4,137383,1,1,7.50,40003,1158.75
2025-01-15,4,137384,1,1,7.50,40003,1158.75
2025-01-15,4,137385,1,1,7.50,40003,1158.75
2025-01-15,4,137386,1,1,7.50,40003,1158.75
2025-01-15,5,137376,1,1,4.00,40003,716.00
2025-01-15,6,593424,1,4,9.50,40003,1558.00
2025-01-15,6,593430,1,4,9.50,40003,1558.00
2025-01-15,7,267968,1,6,9.00,40003,1404.00
2025-01-15,7,267968,6,6,36.00,80001,144.00
2025-01-15,7,267970,1,6,9.00,40003,1404.00
2025-01-15,7,267971,1,6,9.00,40003,1404.00
2025-01-15,7,267972,1,6,9.00,40003,1404.00
2025-01-15,7,267973,1,6,9.00,40003,1404.00
2025-01-15,7,267976,1,6,9.00,40003,1404.00
2025-01-15,7,267979,1,6,9.00,40003,1404.00
2025-01-15,7,267982,1,6,9.00,40003,1404.00
2025-01-15,7,267984,1,6,9.00,40003,1404.00
2025-01-15,8,398188,1,3,4.00,40003,708.00
2025-01-15,10,267965,1,6,8.00,40003,1128.00
2025-01-15,10,267966,1,6,5.50,40003,775.50
2025-01-15,10,267967,18,6,9.50,40003,1358.50
2025-01-15,11,267977,4,6,1.00,40003,309.00
2025-01-15,11,267978,2,6,9.00,40003,1755.00
2025-01-15,12,267974,3,6,4.00,40003,720.00
2025-01-15,12,267985,5,6,4.00,40003,720.00
2025-01-15,13,137379,16,1,7.50,40003,1113.75
2025-01-15,13,137381,16,1,7.25,40003,1076.63
2025-01-15,13,137382,16,1,7.25,40003,1076.63
2025-01-15,14,593448,1,4,7.00,40003,1197.00
2025-01-15,15,137380,1,1,8.00,40003,1372.00
2025-01-15,15,137380,2,1,1.00,80001,100.00
2025-01-15,17,593456,6,4,7.50,40003,1072.50
2025-01-15,17,593457,6,4,7.50,40003,1072.50
2025-01-15,17,593458,6,4,7.00,40003,1001.00
2025-01-15,19,593451,1,4,9.50,40003,1643.50
2025-01-15,19,593459,1,4,4.00,40003,692.00
2025-01-15,21,267969,1,6,1.00,40003,187.50
2025-01-15,22,137372,1,1,9.00,40003,1539.00
2025-01-15,22,137375,2,1,9.00,40003,1539.00
2025-01-15,22,137377,3,1,9.00,40003,1539.00
2025-01-15,24,137373,1,1,9.00,40003,1539.00
2025-01-15,24,137374,1,1,9.00,40003,1539.00
2025-01-15,25,593433,1,4,6.00,40003,1008.00
2025-01-15,27,137378,1,1,2.25,40003,389.25
2025-01-15,30,593425,18,4,9.50,40003,1387.00
2025-01-15,30,593426,18,4,9.50,40003,1387.00
2025-01-15,30,593427,18,4,9.50,40003,1387.00
2025-01-15,30,593429,18,4,9.50,40003,1387.00
2025-01-15,30,593432,18,4,9.50,40003,1387.00
2025-01-15,30,593436,18,4,9.50,40003,1387.00
2025-01-15,30,593438,18,4,9.25,40003,1350.50
2025-01-15,30,593440,18,4,9.50,40003,1387.00
2025-01-15,30,593441,18,4,9.50,40003,1387.00
2025-01-15,30,593443,18,4,9.25,40003,1350.50
2025-01-15,30,593444,18,4,9.50,40003,1387.00
2025-01-15,30,593447,18,4,4.00,40003,584.00
2025-01-15,31,593435,1,4,8.00,40003,1428.00
2025-01-15,31,593450,2,4,3.00,40003,535.50
2025-01-15,31,593455,2,4,1.50,40003,267.75
2025-01-15,32,267980,1,6,9.50,40003,1714.75
2025-01-15,32,267981,1,6,9.50,40003,1714.75
2025-01-15,32,267983,1,6,8.50,40003,1534.25
2025-01-15,32,267986,1,6,3.00,40003,541.50
2025-01-15,33,593449,1,4,2.00,40003,370.00
2025-01-15,34,267975,1,6,2.00,40003,368.00
2025-01-15,35,398185,1,3,9.50,40003,1216.00
2025-01-15,35,398186,1,3,9.50,40003,1216.00
2025-01-15,35,398187,1,3,9.50,40003,1216.00
2025-01-15,35,398189,1,3,9.50,40003,1216.00
2025-01-15,36,593452,1,44,21.00,60003,756.00
2025-01-15,37,398184,1,3,9.50,40003,1444.00
2025-01-15,38,011525,1,44,1.00,90005,50.00
2025-01-15,39,10243,1,40,1.00,90005,34.50
2025-01-15,39,10243,2,40,4.00,90005,282.00
2025-01-16,3,593480,11,4,8.00,40003,1264.00
2025-01-16,3,593484,11,4,8.00,40003,1264.00
2025-01-16,3,593487,11,4,8.00,40003,1264.00
2025-01-16,3,593491,11,4,8.00,40003,1264.00
2025-01-16,3,593500,11,4,8.00,40003,1264.00
2025-01-16,4,268002,1,6,9.00,40003,1404.00
2025-01-16,4,268006,1,6,9.00,40003,1404.00
2025-01-16,4,268007,1,6,9.00,40003,1404.00
2025-01-16,4,268010,1,6,9.00,40003,1404.00
2025-01-16,4,268012,1,6,9.00,40003,1404.00
2025-01-16,4,268015,1,6,9.00,40003,1404.00
2025-01-16,4,268019,1,6,9.00,40003,1404.00
2025-01-16,4,268023,1,6,9.00,40003,1404.00
2025-01-16,4,268024,1,6,9.00,40003,1404.00
2025-01-16,8,267990,104,6,9.50,40003,1543.75
2025-01-16,8,267991,104,6,9.50,40003,1543.75
2025-01-16,8,267994,104,6,9.50,40003,1543.75
2025-01-16,8,267999,104,6,9.25,40003,1503.13
2025-01-16,8,268001,104,6,9.50,40003,1543.75
2025-01-16,11,137387,1,1,9.00,40003,1539.00
2025-01-16,11,137389,2,1,9.00,40003,1539.00
2025-01-16,12,398190,1,3,9.50,40003,1714.75
2025-01-16,15,137388,1,1,3.00,40003,514.50
2025-01-16,16,267997,25,6,5.50,40003,852.50
2025-01-16,18,267993,5,6,9.50,40003,1339.50
2025-01-16,18,267995,20,6,9.50,40003,1358.50
2025-01-16,19,267992,1,6,8.50,40003,1198.50
2025-01-16,19,267996,1,6,8.50,40003,1198.50
2025-01-16,19,267998,18,6,9.50,40003,1358.50
2025-01-16,20,398194,1,3,9.00,40003,1593.00
2025-01-16,23,593462,61,4,9.50,40003,1372.75
2025-01-16,23,593468,61,4,9.50,40003,1372.75
2025-01-16,23,593473,60,4,9.25,40003,1355.13
2025-01-16,23,593481,60,4,9.50,40003,1391.75
2025-01-16,24,593463,5,4,9.50,40003,1415.50
2025-01-16,24,593470,5,4,9.50,40003,1415.50
2025-01-16,27,593460,1,4,10.00,40003,1600.00
2025-01-16,27,593478,1,4,10.00,40003,1600.00
2025-01-16,27,593494,1,4,10.00,40003,1600.00
2025-01-16,28,137390,1,1,1.00,40003,181.50
2025-01-16,29,267989,1,6,9.50,40003,1358.50
2025-01-16,30,267987,1,6,5.00,40003,825.00
2025-01-16,31,267988,1,6,3.25,40003,606.13
2025-01-16,32,268021,6,6,9.50,40003,1358.50
2025-01-16,33,593464,1,4,9.50,40003,1372.75
2025-01-16,33,593467,5,4,9.25,40003,1355.13
2025-01-16,33,593486,5,4,7.50,40003,1098.75
2025-01-16,34,593469,62,4,4.00,40003,660.00
2025-01-16,35,593461,1,4,3.50,40003,574.00
2025-01-16,36,398193,2,3,8.00,40003,1440.00
2025-01-16,37,593483,14,4,8.50,40003,1215.50
2025-01-16,37,593485,14,4,8.50,40003,1215.50
2025-01-16,37,593489,14,4,8.50,40003,1215.50
2025-01-16,37,593496,14,4,8.50,40003,1215.50
2025-01-16,37,593499,14,4,8.00,40003,1144.00
2025-01-16,38,398196,1,3,6.00,40003,1020.00
2025-01-16,40,268003,1,6,9.50,40003,1629.25
2025-01-16,40,268004,1,6,9.50,40003,1629.25
2025-01-16,40,268008,1,6,8.50,40003,1457.75
2025-01-16,41,593488,1,4,9.50,40003,1353.75
2025-01-16,41,593490,1,4,9.50,40003,1353.75
2025-01-16,41,593493,1,4,9.50,40003,1353.75
2025-01-16,41,593497,1,4,9.50,40003,1353.75
2025-01-16,42,398192,1,3,2.50,40003,428.75
2025-01-16,43,593474,1,4,7.50,40003,1200.00
2025-01-16,43,593475,1,4,7.50,40003,1200.00
2025-01-16,44,268011,17,6,9.00,40003,1219.50
2025-01-16,44,268013,17,6,9.00,40003,1219.50
2025-01-16,44,268014,17,6,9.00,40003,1219.50
2025-01-16,44,268016,17,6,9.00,40003,1219.50
2025-01-16,44,268018,17,6,9.00,40003,1219.50
2025-01-16,44,268020,17,6,9.00,40003,1219.50
2025-01-16,45,593501,1,4,2.00,40003,328.00
2025-01-16,47,268009,1,6,9.00,40003,1624.50
2025-01-16,47,268017,1,6,9.00,40003,1624.50
2025-01-16,47,268025,1,6,9.00,40003,1624.50
2025-01-16,48,268000,1,6,7.00,40003,1134.00
2025-01-16,49,593465,1,4,9.00,40003,1579.50
2025-01-16,49,593471,1,4,9.00,40003,1579.50
2025-01-16,49,593477,1,4,9.00,40003,1579.50
2025-01-16,49,593482,1,4,9.00,40003,1579.50
2025-01-16,49,593495,1,4,1.50,40003,263.25
2025-01-16,50,593476,1,44,21.09,60003,759.24
2025-01-16,50,593492,1,44,20.72,60003,745.92
2025-01-16,51,593466,204,4,7.00,40003,1001.00
2025-01-16,51,593472,204,4,7.00,40003,1001.00
2025-01-16,51,593479,204,4,7.00,40003,1001.00
2025-01-16,52,398191,1,3,2.00,40003,306.00
2025-01-16,53,137391,3,1,1.00,40003,178.50
2025-01-16,54,268005,3,6,5.50,40003,990.00
2025-01-16,54,268022,5,6,5.50,40003,990.00
2025-01-16,55,398195,1,3,9.50,40003,1377.50
2025-01-16,56,593498,1,4,5.00,40003,890.00
2025-01-16,56,593502,1,4,2.50,40003,445.00
2025-01-16,57,268002B,1,6,9.00,40003,1611.00
2025-01-16,57,49105B,1,6,1.00,40003,179.00
2025-01-16,58,10244,1,44,5.00,90005,352.50
2025-01-16,58,10244,2,44,2.00,90005,132.00
2025-01-17,3,268074,1,6,1.00,40003,182.00
2025-01-17,4,593517,1,4,9.25,40003,1498.50
2025-01-17,4,593524,1,4,9.50,40003,1539.00
2025-01-17,4,593547,1,4,5.00,40003,810.00
2025-01-17,4,593573,1,4,2.00,40003,324.00
2025-01-17,5,268052,1,6,9.25,40003,1526.25
2025-01-17,5,268055,1,6,9.50,40003,1567.50
2025-01-17,5,268058,1,6,9.25,40003,1526.25
2025-01-17,5,268059,1,6,9.50,40003,1567.50
2025-01-17,5,268061,1,6,9.00,40003,1485.00
2025-01-17,5,268066,1,6,9.25,40003,1526.25
2025-01-17,5,268069,1,6,9.50,40003,1567.50
2025-01-17,5,268071,1,6,9.25,40003,1526.25
2025-01-17,5,268073,1,6,9.50,40003,1567.50
2025-01-17,5,268078,1,6,9.00,40003,1485.00
2025-01-17,5,268086,1,6,9.25,40003,1526.25
2025-01-17,5,268087,1,6,9.50,40003,1567.50
2025-01-17,5,268094,1,6,2.00,40003,330.00
2025-01-17,7,137395,1,1,2.00,40003,358.00
2025-01-17,9,398215,1,3,3.00,40003,552.00
2025-01-17,11,593532,60,4,9.50,40003,1391.75
2025-01-17,11,593535,60,4,9.25,40003,1355.13
2025-01-17,11,593565,60,4,3.50,40003,512.75
2025-01-17,12,137396,1,1,9.50,40003,1771.75
2025-01-17,12,137399,1,1,9.50,40003,1771.75
2025-01-17,16,593575,1,4,9.50,40003,1330.00
2025-01-17,16,593578,1,4,9.50,40003,1330.00
2025-01-17,16,593582,1,4,9.50,40003,1330.00
2025-01-17,16,593585,1,4,9.50,40003,1330.00
2025-01-17,16,593589,1,4,9.50,40003,1330.00
2025-01-17,16,593595,1,4,9.50,40003,1330.00
2025-01-17,16,593597,1,4,9.50,40003,1330.00
2025-01-17,16,593600,1,4,9.50,40003,1330.00
2025-01-17,16,593604,1,4,9.50,40003,1330.00
2025-01-17,16,593606,1,4,9.50,40003,1330.00
2025-01-17,16,593607,1,4,9.50,40003,1330.00
2025-01-17,16,593613,1,4,9.50,40003,1330.00
2025-01-17,16,593615,1,4,9.50,40003,1330.00
2025-01-17,16,593619,1,4,9.50,40003,1330.00
2025-01-17,16,593620,1,4,9.50,40003,1330.00
2025-01-17,16,593627,1,4,9.50,40003,1330.00
2025-01-17,16,593629,1,4,9.50,40003,1330.00
2025-01-17,16,593631,1,4,9.50,40003,1330.00
2025-01-17,16,593632,1,4,9.50,40003,1330.00
2025-01-17,16,593633,1,4,9.25,40003,1295.00
2025-01-17,16,593634,1,4,9.50,40003,1330.00
2025-01-17,16,593635,1,4,9.25,40003,1295.00
2025-01-17,16,593636,1,4,9.50,40003,1330.00
2025-01-17,16,593637,1,4,9.25,40003,1295.00
2025-01-17,16,593638,1,4,9.50,40003,1330.00
2025-01-17,16,593639,1,4,9.50,40003,1330.00
2025-01-17,16,593640,1,4,9.50,40003,1330.00
2025-01-17,16,593641,1,4,9.25,40003,1295.00
2025-01-17,17,593576,1,4,9.50,40003,1358.50
2025-01-17,17,593580,1,4,9.50,40003,1358.50
2025-01-17,17,593584,1,4,9.50,40003,1358.50
2025-01-17,17,593590,1,4,9.50,40003,1358.50
2025-01-17,17,593593,1,4,9.50,40003,1358.50
2025-01-17,17,593601,1,4,9.50,40003,1358.50
2025-01-17,17,593612,1,4,9.50,40003,1358.50
2025-01-17,17,593621,1,4,9.25,40003,1322.75
2025-01-17,17,593625,1,4,9.50,40003,1358.50
2025-01-17,17,593630,1,4,9.25,40003,1322.75
2025-01-17,17,593642,1,4,4.00,40003,572.00
2025-01-17,18,593588,20,4,9.25,40003,1378.25
2025-01-17,18,593594,20,4,9.25,40003,1378.25
2025-01-17,18,593605,20,4,9.25,40003,1378.25
2025-01-17,18,593611,20,4,9.50,40003,1415.50
2025-01-17,18,593617,20,4,9.50,40003,1415.50
2025-01-17,18,593628,20,4,9.50,40003,1415.50
2025-01-17,19,268088,30,6,9.00,40003,1282.50
2025-01-17,19,268089,30,6,9.00,40003,1282.50
2025-01-17,19,268095,30,6,9.00,40003,1282.50
2025-01-17,19,268096,30,6,9.00,40003,1282.50
2025-01-17,19,268097,30,6,7.00,40003,997.50
2025-01-17,22,137393,1,1,9.50,40003,1695.75
2025-01-17,23,593586,1,4,9.50,40003,1396.50
2025-01-17,23,593591,1,4,9.50,40003,1396.50
2025-01-17,23,593602,1,4,9.50,40003,1396.50
2025-01-17,25,268032,1,6,9.50,40003,1539.00
2025-01-17,25,268037,1,6,9.50,40003,1539.00
2025-01-17,25,268039,1,6,9.50,40003,1539.00
2025-01-17,25,268040,1,6,9.50,40003,1539.00
2025-01-17,25,268042,1,6,9.50,40003,1539.00
2025-01-17,25,268044,1,6,9.50,40003,1539.00
2025-01-17,25,268047,1,6,9.50,40003,1539.00
2025-01-17,25,268050,1,6,9.50,40003,1539.00
2025-01-17,25,268054,1,6,9.50,40003,1539.00
2025-01-17,25,268060,1,6,9.50,40003,1539.00
2025-01-17,25,268062,1,6,9.50,40003,1539.00
2025-01-17,25,268063,1,6,9.50,40003,1539.00
2025-01-17,25,268065,1,6,9.50,40003,1539.00
2025-01-17,25,268079,1,6,9.50,40003,1539.00
2025-01-17,25,268084,1,6,9.50,40003,1539.00
2025-01-17,25,268091,1,6,9.50,40003,1539.00
2025-01-17,25,268092,1,6,9.50,40003,1539.00
2025-01-17,25,268099,1,6,9.50,40003,1539.00
2025-01-17,26,137407,1,1,8.00,40003,1352.00
2025-01-17,26,137407,4,1,1.00,80001,100.00
2025-01-17,27,268072,25,6,5.00,40003,775.00
2025-01-17,28,268075,3,6,4.50,40003,810.00
2025-01-17,28,268080,3,6,4.50,40003,810.00
2025-01-17,28,268093,5,6,4.50,40003,810.00
2025-01-17,29,268076,4,6,2.00,40003,618.00
2025-01-17,29,268077,2,6,7.00,40003,1365.00
2025-01-17,29,268085,2,6,7.00,40003,1365.00
2025-01-17,29,268090,2,6,5.00,40003,975.00
2025-01-17,30,268035,1,6,9.50,40003,1539.00
2025-01-17,30,268041,1,6,9.50,40003,1539.00
2025-01-17,30,268049,1,6,9.50,40003,1539.00
2025-01-17,30,268057,1,6,8.50,40003,1377.00
2025-01-17,30,268070,1,6,8.50,40003,1377.00
2025-01-17,30,268083,1,6,7.00,40003,1134.00
2025-01-17,31,268036,1,6,2.00,40003,343.00
2025-01-17,32,268043,104,6,6.50,40003,1056.25
2025-01-17,32,268045,104,6,6.50,40003,1056.25
2025-01-17,33,268056,1,6,5.00,40003,917.50
2025-01-17,33,268067,1,6,5.00,40003,0.00
2025-01-17,33,268081,1,6,5.00,40003,917.50
2025-01-17,36,137392,1,1,9.50,40003,1444.00
2025-01-17,36,137394,1,1,9.50,40003,1444.00
2025-01-17,36,137397,1,1,9.50,40003,1444.00
2025-01-17,37,268027,1,6,6.25,40003,1043.75
2025-01-17,37,268030,1,6,6.25,40003,1043.75
2025-01-17,38,268026,1,6,9.50,40003,1619.75
2025-01-17,38,268028,1,6,9.50,40003,1619.75
2025-01-17,38,268029,1,6,9.50,40003,1619.75
2025-01-17,38,268031,1,6,9.50,40003,1619.75
2025-01-17,38,268033,1,6,9.50,40003,1619.75
2025-01-17,38,268034,1,6,9.25,40003,1577.13
2025-01-17,38,268038,1,6,9.25,40003,1577.13
2025-01-17,38,268053,1,6,6.00,40003,1023.00
2025-01-17,39,398198,1,3,9.50,40003,1710.00
2025-01-17,39,398204,1,3,9.50,40003,1710.00
2025-01-17,39,398209,1,3,9.50,40003,1710.00
2025-01-17,40,137398,388,1,8.50,40003,1381.25
2025-01-17,40,137400,388,1,8.50,40003,1381.25
2025-01-17,40,137401,388,1,8.50,40003,1381.25
2025-01-17,40,137402,388,1,8.50,40003,1381.25
2025-01-17,40,137403,388,1,8.50,40003,1381.25
